Time;infantry.steers_speed_pid[1].Measure;infantry.steers_speed_pid[1].Ref
0;0;0
14000;0;0
26000;0;0
37000;0;0
49000;0;0
60000;0;0
73000;0;0
85000;0;0
97000;0;0
109000;0;0
121000;0;0
134000;0;0
145000;0;0
157000;0;0
169000;0;0
181000;0;0
194000;0;0
205000;0;0
217000;0;0
228000;0;0
239000;0;0
250000;0;0
262000;0;0
275000;0;0
286000;0;0
297000;0;0
308000;0;0
320000;0;0
331000;0;0
343000;0;0
354000;0;0
366000;0;0
377000;0;0
389000;0;0
400000;0;0
412000;0;0
424000;0;0
434000;0;0
446000;0;0
458000;0;0
470000;0;0
481000;0;0
493000;0;0
505000;0;0
516000;0;0
529000;0;0
541000;0;0
552000;0;0
565000;0;0
577000;0;0
588000;0;0
600000;0;0
612000;0;0
624000;0;0
636000;0;0
648000;0;0
660000;0;0
671000;0;0
683000;0;0
694000;0;0
706000;0;0
718000;0;0
730000;0;0
741000;0;0
752000;0;0
764000;0;0
775000;0;0
787000;0;0
799000;0;0
811000;0;0
824000;0;0
835000;0;0
847000;0;0
859000;0;0
872000;0;0
884000;0;0
896000;0;0
908000;0;0
919000;0;0
931000;0;0
943000;0;0
954000;0;0
965000;0;0
978000;0;0
990000;0;0
1002000;0;0
1014000;0;0
1026000;0;0
1037000;0;0
1049000;0;0
1060000;0;0
1072000;0;0
1085000;0;0
1096000;0;0
1108000;0;0
1120000;0;0
1130000;0;0
1142000;0;0
1153000;0;0
1165000;0;0
1177000;0;0
1188000;0;0
1200000;0;0
1212000;0;0
1224000;0;0
1237000;0;0
1248000;0;0
1260000;0;0
1271000;0;0
1283000;0;0
1294000;0;0
1305000;0;0
1317000;0;0
1329000;0;0
1340000;0;0
1352000;0;0
1363000;0;0
1375000;0;0
1386000;0;0
1398000;0;0
1409000;0;0
1420000;0;0
1432000;0;0
1444000;0;0
1456000;0;0
1468000;0;0
1480000;0;0
1492000;0;0
1504000;0;0
1515000;0;0
1527000;0;0
1538000;0;0
1550000;0;0
1562000;0;0
1574000;0;0
1586000;0;0
1598000;0;0
1609000;0;0
1621000;0;0
1633000;0;0
1645000;0;0
1657000;0;0
1668000;0;0
1680000;0;0
1692000;0;0
1704000;0;0
1716000;0;0
1727000;0;0
1738000;0;0
1750000;0;0
1761000;0;0
1771000;0;0
1784000;0;0
1795000;0;0
1807000;0;0
1819000;0;0
1830000;0;0
1842000;0;0
1854000;0;0
1866000;0;0
1877000;0;0
1890000;0;0
1901000;0;0
1912000;0;0
1923000;0;0
1935000;0;0
1946000;0;0
1957000;0;0
1968000;0;0
1979000;0;0
1991000;0;0
2003000;0;0
2014000;0;0
2025000;0;0
2036000;0;0
2048000;0;0
2060000;0;0
2071000;0;0
2084000;0;0
2096000;0;0
2107000;0;0
2119000;0;0
2131000;0;0
2144000;0;0
2155000;0;0
2166000;0;0
2177000;0;0
2190000;0;0
2201000;0;0
2213000;0;0
2224000;0;0
2236000;0;0
2247000;0;0
2258000;0;0
2270000;0;0
2282000;0;0
2294000;0;0
2305000;0;0
2317000;0;0
2328000;0;0
2340000;0;0
2351000;0;0
2363000;0;0
2375000;0;0
2386000;0;0
2397000;0;0
2410000;0;0
2421000;0;0
2434000;0;0
2446000;0;0
2457000;0;0
2468000;0;0
2479000;0;0
2491000;0;0
2502000;0;0
2514000;0;0
2525000;0;0
2537000;0;0
2549000;0;0
2561000;0;0
2574000;0;0
2585000;0;0
2597000;0;0
2608000;0;0
2620000;0;0
2634000;0;0
2645000;0;0
2657000;0;0
2669000;0;0
2680000;0;0
2692000;0;0
2704000;0;0
2715000;0;0
2727000;0;0
2739000;0;0
2751000;0;0
2763000;0;0
2774000;0;0
2787000;0;0
2798000;0;0
2810000;0;0
2822000;0;0
2833000;0;0
2845000;0;0
2856000;0;0
2868000;0;0
2880000;0;0
2891000;0;0
2903000;0;0
2914000;0;0
2926000;0;0
2938000;0;0
2950000;0;0
2962000;0;0
2973000;0;0
2984000;0;0
2996000;0;0
3007000;0;0
3019000;0;0
3031000;0;0
3042000;0;0
3054000;0;0
3065000;0;0
3077000;0;0
3089000;0;0
3100000;0;0
3112000;0;0
3124000;0;0
3135000;0;0
3147000;0;0
3159000;0;0
3171000;0;0
3182000;0;0
3195000;0;0
3207000;0;0
3218000;0;0
3230000;0;0
3242000;0;0
3254000;0;0
3265000;0;0
3277000;0;0
3289000;0;0
3300000;0;0
3312000;0;0
3324000;0;0
3336000;0;0
3348000;0;0
3360000;0;0
3372000;0;0
3384000;0;0
3396000;0;0
3408000;0;0
3419000;0;0
3431000;0;0
3443000;0;0
3454000;0;0
3466000;0;0
3478000;0;0
3490000;0;0
3502000;0;0
3514000;0;0
3526000;0;0
3538000;0;0
3550000;0;0
3562000;0;0
3572000;0;0
3584000;0;0
3596000;0;0
3608000;0;0
3620000;0;0
3631000;0;0
3643000;0;0
3654000;0;0
3667000;0;0
3678000;0;0
3689000;0;0
3702000;0;0
3714000;0;0
3725000;0;0
3737000;0;0
3749000;0;0
3761000;0;0
3772000;0;0
3784000;0;0
3796000;0;0
3807000;0;0
3819000;0;0
3830000;0;0
3842000;0;0
3852000;0;0
3865000;0;0
3877000;0;0
3890000;0;0
3901000;0;0
3912000;0;0
3924000;0;0
3936000;0;0
3948000;0;0
3959000;0;0
3970000;0;0
3982000;0;0
3994000;0;0
4005000;0;0
4017000;0;0
4028000;0;0
4039000;0;0
4050000;0;0
4062000;0;0
4074000;0;0
4086000;0;0
4098000;0;0
4110000;0;0
4122000;0;0
4134000;0;0
4145000;0;0
4158000;0;0
4170000;0;0
4183000;0;0
4195000;0;0
4207000;0;0
4219000;0;0
4231000;0;0
4243000;0;0
4255000;0;0
4266000;0;0
4277000;0;0
4289000;0;0
4302000;0;0
4315000;0;0
4327000;0;0
4339000;0;0
4351000;0;0
4363000;0;0
4374000;0;0
4385000;0;0
4397000;0;0
4409000;0;0
4420000;0;0
4433000;0;0
4444000;0;0
4456000;0;0
4468000;0;0
4480000;0;0
4492000;0;0
4504000;0;0
4515000;0;0
4527000;0;0
4538000;0;0
4550000;0;0
4561000;0;0
4573000;0;0
4585000;0;0
4596000;0;0
4607000;0;0
4619000;0;0
4631000;0;0
4643000;0;0
4654000;0;0
4665000;0;0
4678000;0;0
4690000;0;0
4702000;0;0
4714000;0;0
4725000;0;0
4737000;0;0
4749000;0;6.2366180419921875
4760000;-24;7.826934814453125
4772000;6;3.9602508544921875
4785000;12;-2.9534454345703125
4796000;0;-3.09796142578125
4807000;0;-2.242401123046875
4819000;-6;0
4830000;0;0
4841000;0;-1.43682861328125
4853000;0;-1.4461212158203125
4866000;0;-1.447723388671875
4877000;0;0
4890000;0;0
4907000;0;-1.416961669921875
4918000;0;-1.44195556640625
4929000;0;-1.4432373046875
4941000;0;0
4954000;0;-1.4409942626953125
4965000;0;-1.4236907958984375
4978000;0;-1.3993377685546875
4989000;0;-1.377227783203125
5000000;0;0
5012000;0;-1.4124755859375
5024000;0;-1.4160003662109375
5035000;0;-1.409912109375
5047000;0;-1.40093994140625
5059000;0;-1.4124755859375
5070000;0;-1.414398193359375
5081000;0;0
5094000;0;-1.4384307861328125
5106000;0;0
5117000;0;-1.42913818359375
5129000;0;-1.434906005859375
5140000;0;-1.39837646484375
5152000;0;0
5164000;0;-1.3743438720703125
5176000;0;-1.3640899658203125
5187000;0;-1.37786865234375
5200000;0;0
5211000;0;-1.4185638427734375
5222000;0;0
5234000;0;-1.415679931640625
5246000;0;-1.4227294921875
5257000;0;0
5269000;0;-1.4381103515625
5281000;0;-1.4031829833984375
5292000;0;-1.378509521484375
5302000;0;0
5315000;0;-1.3740234375
5327000;0;-1.381072998046875
5339000;0;0
5350000;0;-1.4275360107421875
5362000;0;0
5374000;0;-1.45733642578125
5385000;0;-1.4679107666015625
5397000;0;0
5409000;0;-1.517578125
5420000;0;-1.511810302734375
5432000;0;0
5444000;0;-1.45220947265625
5456000;0;0
5468000;0;-1.4820098876953125
5479000;0;-1.4486846923828125
5491000;0;0
5503000;0;-1.4019012451171875
5515000;0;-1.4384307861328125
5527000;0;-1.4691925048828125
5538000;0;0
5549000;0;-1.4615020751953125
5562000;0;0
5574000;0;-1.4704742431640625
5586000;0;-1.49066162109375
5598000;0;0
5609000;0;0
5620000;0;0
5632000;0;0
5644000;0;0
5657000;0;0
5668000;0;0
5680000;0;0
5691000;0;0
5703000;0;0
5715000;0;0
5727000;0;0
5738000;0;0
5750000;0;0
5762000;0;0
5774000;0;0
5785000;0;0
5798000;0;0
5810000;0;0
5821000;0;0
5834000;0;0
5846000;0;0
5857000;0;0
5869000;0;0
5881000;0;0
5892000;0;0
5903000;0;0
5914000;0;0
5926000;0;0
5938000;0;720
5950000;462;720
5962000;774;720
5974000;882;720
5985000;762;720
5998000;612;720
6009000;570;720
6020000;648;720
6032000;690;720
6044000;690;720
6055000;666;720
6067000;606;720
6079000;606;720
6090000;648;720
6102000;690;720
6112000;654;720
6124000;636;720
6136000;636;720
6148000;660;720
6159000;684;720
6171000;660;720
6182000;642;720
6192000;648;720
6204000;678;720
6216000;678;720
6229000;642;720
6241000;648;720
6253000;648;720
6265000;666;720
6276000;642;720
6287000;642;720
6299000;672;720
6310000;648;720
6322000;636;720
6334000;648;720
6346000;672;720
6359000;672;720
6370000;654;720
6382000;630;720
6395000;636;720
6406000;672;720
6417000;666;-74.064697265625
6429000;360;-720
6442000;-282;-720
6454000;-858;-720
6465000;-984;-529.87506103515625
6477000;-690;-360.27655029296875
6488000;-378;-272.264923095703125
6501000;-198;-241.9048919677734375
6512000;-132;-204.41143798828125
6524000;-138;-164.619903564453125
6535000;-144;-127.85724639892578125
6546000;-114;-103.504852294921875
6557000;-54;-93.493194580078125
6570000;-30;-86.18408203125
6581000;-48;-73.22186279296875
6592000;-54;-63.8408203125
6602000;-54;-53.695220947265625
6614000;-24;-51.937957763671875
6626000;12;-55.674224853515625
6638000;0;-54.71484375
6649000;-24;-50.082000732421875
6661000;-24;-45.442108154296875
6672000;0;-43.60345458984375
6685000;0;-43.587432861328125
6697000;0;-44.521820068359375
6709000;0;-44.511566162109375
6720000;0;-44.5045166015625
6732000;0;-44.501312255859375
6743000;0;-42.655609130859375
6755000;0;-42.635101318359375
6767000;0;-41.66546630859375
6778000;0;-41.687255859375
6789000;0;-42.60113525390625
6801000;0;-42.61651611328125
6813000;0;-42.636383056640625
6824000;0;-41.722503662109375
6835000;0;-41.726348876953125
6848000;0;-41.726348876953125
6859000;0;-41.72698974609375
6870000;0;-41.76416015625
6882000;0;-42.704315185546875
6894000;0;-41.801971435546875
6905000;0;-41.835296630859375
6918000;0;-41.837860107421875
6930000;0;-41.8564453125
6942000;0;-41.86285400390625
6953000;0;-42.76007080078125
6964000;0;-41.885284423828125
6975000;0;-41.87567138671875
6987000;0;-41.841064453125
7000000;0;-41.830169677734375
7012000;0;-41.7923583984375
7024000;0;-41.78594970703125
7036000;0;-41.758392333984375
7048000;0;-42.691497802734375
7060000;0;-41.759033203125
7071000;0;-41.7974853515625
7082000;0;-41.810302734375
7094000;0;-41.791717529296875
7106000;0;-41.763519287109375
7118000;0;-41.787872314453125
7129000;0;-41.799407958984375
7141000;0;-41.8128662109375
7153000;0;-41.82952880859375
7165000;0;-41.8282470703125
7177000;0;-41.867340087890625
7189000;0;-42.7869873046875
7200000;0;-42.7459716796875
7212000;0;-41.882080078125
7225000;0;-41.887847900390625
7237000;0;-41.876312255859375
7248000;0;-41.882720947265625
7260000;0;-41.837860107421875
7272000;0;-41.839141845703125
7284000;0;-41.813507080078125
7295000;0;-41.81158447265625
7307000;0;-41.860931396484375
7318000;0;-41.84490966796875
7330000;0;-41.896820068359375
7343000;0;-41.872467041015625
7355000;0;-41.8795166015625
7367000;0;-41.867340087890625
7379000;0;-41.8385009765625
7390000;0;-41.836578369140625
7401000;0;-41.80645751953125
7413000;0;-42.73828125
7425000;0;-41.8538818359375
7437000;0;-42.774169921875
7448000;0;-42.77288818359375
7460000;0;-41.835296630859375
7472000;0;-41.84490966796875
7484000;0;-41.841705322265625
7495000;0;-41.87310791015625
7508000;0;-41.88592529296875
7520000;0;-41.885284423828125
7531000;0;-41.860931396484375
7543000;0;-42.759429931640625
7555000;-6;-41.844268798828125
7566000;0;-41.851318359375
7578000;0;-41.82696533203125
7591000;0;-41.89105224609375
7602000;0;-41.916046142578125
7615000;0;-41.82696533203125
7627000;0;-41.77056884765625
7639000;0;-41.787872314453125
7651000;0;-41.803253173828125
7664000;0;-41.8231201171875
7675000;0;-41.86669921875
7687000;0;-41.875030517578125
7700000;0;-41.869903564453125
7711000;0;-41.8231201171875
7723000;0;-41.85260009765625
7734000;0;-42.783782958984375
7745000;0;-42.783782958984375
7758000;0;-42.783782958984375
7770000;0;-42.783782958984375
7782000;0;-42.783782958984375
7793000;0;-42.783782958984375
7804000;0;-42.783782958984375
7815000;0;-42.783782958984375
7827000;0;-42.783782958984375
7839000;0;-42.783782958984375
7850000;0;-42.783782958984375
7862000;0;-42.783782958984375
7874000;0;-42.783782958984375
7885000;0;-42.783782958984375
7897000;0;-42.783782958984375
7910000;0;-42.783782958984375
7922000;0;-42.783782958984375
7934000;0;-42.783782958984375
7945000;0;-42.783782958984375
7956000;0;-42.783782958984375
7968000;0;-42.783782958984375
7979000;0;-42.783782958984375
7991000;0;-42.783782958984375
8002000;0;-42.783782958984375
8014000;0;-42.783782958984375
8027000;0;-42.783782958984375
8038000;0;-42.783782958984375
8051000;0;-130.3150787353515625
8063000;0;-110.6781005859375
8075000;-96;-77.87457275390625
8087000;-114;-50.24798583984375
8099000;-60;-45.45172119140625
8111000;24;-53.31903076171875
8122000;0;-54.065643310546875
8134000;0;-54.00791168212890625
8145000;-30;55.332183837890625
8157000;6;241.24664306640625
8169000;168;328.56011962890625
8181000;336;294.001007080078125
8193000;360;209.9941558837890625
8205000;264;133.7506561279296875
8217000;126;110.4062652587890625
8228000;36;101.190673828125
8239000;18;117.19660186767578125
8251000;36;135.5272369384765625
8263000;72;116.87145233154296875
8275000;96;92.45050048828125
8287000;72;65.60833740234375
8299000;36;50.24029541015625
8311000;0;57.2244873046875
8322000;6;74.27602386474609375
8334000;18;99.33415985107421875
8346000;42;108.47548675537109375
8358000;60;120.5704803466796875
8369000;66;124.78272247314453125
8381000;72;112.50716400146484375
8392000;84;100.56134033203125
8404000;84;68.40252685546875
8416000;66;45.665771484375
8428000;0;30.556640625
8440000;0;22.84698486328125
8452000;0;34.73895263671875
8463000;0;31.9896240234375
8474000;0;42.63189697265625
8486000;0;52.7178955078125
8497000;18;58.9317626953125
8509000;30;71.10186767578125
8520000;36;73.97296142578125
8533000;48;66.99005126953125
8544000;48;55.150634765625
8556000;42;43.94439697265625
8568000;30;36.8858642578125
8580000;18;32.47796630859375
8591000;12;44.004638671875
8602000;18;51.78607177734375
8614000;24;58.33062744140625
8626000;36;66.53759765625
8638000;42;64.97951507568359375
8650000;48;68.94342041015625
8662000;66;73.45001220703125
8674000;66;70.48150634765625
8685000;72;59.58416748046875
8697000;60;48.813720703125
8709000;36;42.6588134765625
8720000;12;40.36065673828125
8731000;12;35.99505615234375
8743000;18;29.58892822265625
8756000;24;27.27410888671875
8767000;12;38.42779541015625
8778000;12;43.4432373046875
8790000;18;40.40167236328125
8802000;30;32.9586181640625
8814000;30;19.63494873046875
8826000;24;2.12127685546875
8838000;0;-3.9144287109375
8849000;-6;-5.94085693359375
8861000;0;-6.26641845703125
8873000;0;-6.67913818359375
8884000;0;-6.854736328125
8896000;0;-6.931640625
8908000;0;-6.96240234375
8919000;0;-6.97650146484375
8930000;0;-6.97650146484375
8941000;0;-7.095703125
8953000;0;-20.564208984375
8964000;0;-30.54638671875
8975000;-12;-25.66424560546875
8987000;-18;-15.580810546875
8999000;0;-25.87445068359375
9010000;0;-37.411376953125
9021000;0;-40.88360595703125
9034000;-24;-36.45391845703125
9045000;-24;-34.130126953125
9057000;-12;-51.679889678955078125
9069000;-12;-109.6044158935546875
9081000;-30;-185.912933349609375
9092000;-114;-365.0123291015625
9105000;-246;-517.95062255859375
9117000;-450;-540.87353515625
9128000;-558;-508.10516357421875
9140000;-558;-365.0458984375
9152000;-408;-254.5258026123046875
9164000;-228;-194.1815185546875
9176000;-228;-181.95562744140625
9187000;-228;-181.95562744140625
9198000;-228;-181.95562744140625
9210000;-228;-181.95562744140625
9221000;-228;-181.95562744140625
9234000;-228;-181.95562744140625
9245000;-228;-181.95562744140625
9257000;-228;-181.95562744140625
9269000;-228;-181.95562744140625
9280000;-228;-181.95562744140625
9292000;-228;-181.95562744140625
9304000;-228;-181.95562744140625
9316000;-228;-181.95562744140625
9328000;-228;-181.95562744140625
9340000;-228;-181.95562744140625
9352000;-228;-181.95562744140625
9364000;0;720
9376000;0;720
9387000;762;720
9399000;930;720
9410000;816;720
9422000;594;720
9433000;564;720
9445000;582;720
9456000;624;720
9468000;696;720
9479000;690;720
9491000;660;720
9502000;630;720
9514000;630;720
9526000;672;720
9538000;672;720
9549000;672;720
9561000;636;720
9572000;654;720
9584000;666;720
9596000;678;720
9608000;636;316.21307373046875
9620000;564;-653.52447509765625
9631000;78;-720
9643000;-636;-720
9655000;-1002;-720
9666000;-900;-720
9678000;-624;-720
9690000;-534;-651.41644287109375
9701000;-594;-424.584228515625
9712000;-564;-304.42529296875
9724000;-348;-201.4971923828125
9736000;-216;-153.9425048828125
9748000;-30;-127.40756988525390625
9760000;-30;-110.6011962890625
9772000;-54;-70.67376708984375
9783000;-72;-40.33502197265625
9795000;-30;-28.9339599609375
9807000;18;-30.889892578125
9819000;18;-37.7215576171875
9831000;-12;-55.950439453125
9842000;-18;-51.56689453125
9855000;-18;-33.15087890625
9866000;-6;-31.6820068359375
9878000;12;-39.01483154296875
9889000;0;-42.2025146484375
9902000;0;-38.90460205078125
9913000;-18;-35.69384765625
9925000;6;-37.7882080078125
9937000;0;-39.78643798828125
9948000;0;-39.7261962890625
9960000;0;-38.73541259765625
9972000;-6;-36.90380859375
9983000;0;-36.9140625
9994000;0;-37.82025146484375
10006000;0;-37.75616455078125
10017000;0;-37.71514892578125
10028000;0;-37.69720458984375
10040000;0;-36.7474365234375
10051000;0;-37.6549072265625
10063000;0;-37.65618896484375
10075000;0;-37.68310546875
10086000;0;-37.68310546875
10098000;0;-37.68310546875
10110000;0;-37.68310546875
10121000;0;-37.68310546875
10132000;0;-37.68310546875
10144000;0;-37.68310546875
10157000;0;-37.693359375
10169000;0;-37.69976806640625
10180000;0;-37.6728515625
10192000;0;-37.66900634765625
10204000;0;-37.66644287109375
10215000;0;-37.688232421875
10227000;0;-29.93243408203125
10238000;0;-10.197509765625
10250000;0;-67.06146240234375
10262000;0;-281.54736328125
10274000;-60;-380.32763671875
10286000;-324;-452.169189453125
10299000;-402;-403.714508056640625
10310000;-420;-203.3822021484375
10322000;-360;101.31768035888671875
10334000;-120;298.8902587890625
10346000;204;306.12701416015625
10359000;390;226.0760955810546875
10370000;336;159.068695068359375
10383000;174;126.2898712158203125
10395000;60;113.75553131103515625
10407000;54;97.39288330078125
10419000;90;71.95037841796875
10431000;108;41.63983154296875
10442000;84;31.15704345703125
10454000;24;-103.69903564453125
10467000;0;-417.75897216796875
10479000;-192;-403.2733154296875
10491000;-372;-397.915802001953125
10502000;-426;-275.66021728515625
10514000;-408;-9.607898712158203125
10526000;-222;227.9804229736328125
10538000;96;308.920684814453125
10549000;324;261.4537353515625
10561000;348;191.031219482421875
10574000;240;142.665374755859375
10585000;132;117.116729736328125
10597000;60;107.84577178955078125
10609000;60;86.240478515625
10620000;78;71.75299072265625
10632000;102;44.0892333984375
10644000;78;25.598876953125
10656000;0;20.0438232421875
10668000;0;21.91387939453125
10680000;0;17.30731201171875
10693000;18;15.283447265625
10704000;24;-79.08599853515625
10717000;12;-355.330078125
10728000;-108;-366.83477783203125
10740000;-318;-359.3309326171875
10752000;-342;-228.1242523193359375
10764000;-312;20.737560272216796875
10775000;-186;200.8938446044921875
10788000;144;256.983642578125
10800000;276;208.5638885498046875
10812000;258;147.430419921875
10824000;210;109.96221923828125
10836000;84;95.1075439453125
10847000;60;83.52191162109375
10859000;66;64.640625
10870000;84;42.1845703125
10882000;60;28.59942626953125
10894000;0;25.97314453125
10906000;0;25.11309814453125
10918000;0;20.52191162109375
10930000;24;13.14935302734375
10941000;24;-37.58624267578125
10953000;18;-267.0172119140625
10965000;-84;-341.59478759765625
10976000;-318;-372.0091552734375
10988000;-336;-286.75347900390625
11000000;-324;-83.3141937255859375
11011000;-252;144.197479248046875
11023000;-24;244.0159912109375
11035000;186;224.3883209228515625
11047000;270;164.68133544921875
11059000;246;111.6424713134765625
11070000;138;86.54681396484375
11082000;60;74.0870361328125
11095000;66;56.217041015625
11106000;66;38.84820556640625
11118000;42;30.59637451171875
11129000;0;28.7852783203125
11141000;0;26.00006103515625
11152000;0;23.26611328125
11164000;30;15.90380859375
11175000;30;-17.57354736328125
11187000;24;-222.8265380859375
11199000;-48;-327.2406005859375
11211000;-258;-362.47430419921875
11223000;-336;-297.815826416015625
11234000;-330;-97.81231689453125
11246000;-246;131.820770263671875
11258000;-24;229.9779815673828125
11270000;186;221.758575439453125
11281000;276;160.398284912109375
11292000;252;124.918914794921875
11305000;126;88.30535888671875
11317000;66;79.52545166015625
11329000;72;52.47308349609375
11340000;78;40.6336669921875
11352000;0;31.458984375
11364000;0;31.50897216796875
11376000;0;26.9036865234375
11388000;24;18.60955810546875
11400000;30;8.05059814453125
11411000;30;-152.28057861328125
11422000;12;-258.69964599609375
11434000;-192;-359.54937744140625
11445000;-324;-364.133758544921875
11457000;-348;-224.437286376953125
11468000;-306;21.7808837890625
11480000;-180;197.3028411865234375
11491000;72;248.153564453125
11502000;240;200.56494140625
11514000;270;141.362701416015625
11526000;216;100.29217529296875
11538000;102;81.585205078125
11550000;60;66.9298095703125
11562000;60;49.787841796875
11574000;60;35.14654541015625
11586000;42;25.9757080078125
11598000;0;24.1043701171875
11610000;0;23.19049072265625
11621000;0;18.595458984375
11633000;24;13.9940185546875
11644000;24;-26.8648681640625
11655000;18;-222.80035400390625
11667000;-54;-326.3741455078125
11679000;-264;-368.6663818359375
11691000;-336;-294.449188232421875
11702000;-318;-102.30828094482421875
11714000;-252;127.5137176513671875
11726000;-24;234.8221588134765625
11738000;174;218.364105224609375
11749000;270;162.2621002197265625
11761000;252;111.1335906982421875
11772000;126;95.34979248046875
11784000;66;80.36627197265625
11796000;72;60.703125
11808000;78;39.7005615234375
11819000;54;30.520751953125
11831000;0;30.55535888671875
11843000;0;26.93829345703125
11855000;24;19.590087890625
11867000;30;11.26519775390625
11878000;24;-50.77899169921875
11888000;18;-247.8585205078125
11900000;-84;-341.46661376953125
11912000;-264;-371.627197265625
11924000;-336;-285.333587646484375
11935000;-312;-83.91400909423828125
11948000;-174;155.673370361328125
11960000;-18;242.8972625732421875
11971000;186;219.2220458984375
11982000;264;162.5018310546875
11994000;246;112.63478851318359375
12005000;144;86.322509765625
12017000;66;72.1080322265625
12029000;66;61.620849609375
12040000;66;44.31097412109375
12052000;48;32.335693359375
12064000;18;27.76116943359375
12075000;0;26.82421875
12087000;0;21.31146240234375
12099000;24;15.82562255859375
12110000;24;-8.338623046875
12122000;18;-200.650634765625
12133000;-36;-298.014404296875
12145000;-246;-359.36865234375
12157000;-348;-331.36090087890625
12169000;-330;-112.99468994140625
12180000;-270;94.2200927734375
12192000;-24;240.2572174072265625
12204000;186;249.36859130859375
12215000;282;186.0297698974609375
12227000;276;125.72812652587890625
12238000;156;94.96783447265625
12250000;66;80.21246337890625
12261000;66;61.5439453125
12273000;84;36.23858642578125
12285000;54;25.0784912109375
12296000;0;28.2982177734375
12308000;6;29.3748779296875
12319000;12;25.1015625
12331000;30;17.3931884765625
12342000;30;11.181884765625
12354000;12;-46.32366943359375
12365000;12;-262.50750732421875
12377000;-90;-331.657470703125
12389000;-306;-353.92840576171875
12400000;-336;-286.60357666015625
12412000;-318;-68.165985107421875
12424000;-180;156.2188262939453125
12436000;-30;243.2451324462890625
12448000;234;227.3104095458984375
12460000;270;165.8170166015625
12472000;204;114.5760650634765625
12484000;144;87.86956787109375
12495000;72;72.3541259765625
12508000;66;56.309326171875
12519000;66;41.69110107421875
12530000;36;31.5845947265625
12542000;18;27.9111328125
12554000;0;26.99212646484375
12566000;0;20.53216552734375
12578000;24;12.22650146484375
12590000;30;-51.96331787109375
12601000;24;-271.70416259765625
12614000;-96;-333.3724365234375
12625000;-330;-371.2093505859375
12636000;-336;-284.6942138671875
12649000;-312;-67.96807861328125
12661000;-174;170.0893402099609375
12673000;54;255.2017822265625
12684000;246;232.55755615234375
12695000;276;163.15618896484375
12706000;246;117.8360137939453125
12718000;132;94.2923583984375
12730000;90;65.77496337890625
12741000;72;73.4725341796875
12753000;48;154.94732666015625
12764000;66;393.48834228515625
12775000;144;720
12788000;408;720
12799000;732;720
12812000;810;720
12823000;810;720
12834000;810;720
12846000;810;720
12858000;810;720
12869000;810;720
12881000;810;720
12892000;810;720
12904000;810;720
12915000;810;720
12928000;810;720
12939000;810;720
12951000;810;720
12963000;810;720
12974000;810;720
12985000;810;720
12997000;810;720
13009000;810;720
13020000;810;720
13031000;810;720
13043000;810;720
13054000;810;720
13067000;810;720
13078000;810;720
13089000;810;720
13101000;810;720
13113000;810;720
13126000;810;720
13137000;810;720
13149000;810;720
13161000;810;720
13172000;810;720
13184000;810;720
13194000;810;720
13206000;810;720
13218000;810;720
13229000;810;720
13241000;810;720
13252000;810;720
13264000;810;720
13275000;0;-720
13287000;-132;-720
13298000;-558;-720
13310000;-864;-720
13321000;-804;-720
13333000;-678;-720
13344000;-618;-720
13356000;-618;-720
13368000;-666;-720
13380000;-666;-720
13392000;-630;-720
13404000;-624;-720
13415000;-666;-720
13426000;-654;-720
13439000;-654;-720
13451000;-636;-720
13462000;-654;-720
13475000;-648;-720
13485000;-672;-720
13497000;-636;-720
13509000;-648;-720
13520000;-648;-720
13532000;-672;-720
13544000;-684;-720
13555000;-648;-720
13567000;-642;-720
13579000;-636;-720
13591000;-672;-720
13602000;-672;-720
13614000;-672;-720
13626000;-654;-720
13637000;-636;-720
13649000;-636;-720
13660000;-654;-720
13672000;-654;-720
13684000;-654;-720
13695000;-660;-720
13708000;-672;-720
13720000;-672;-720
13731000;-660;-720
13742000;-672;-720
13754000;-660;-720
13766000;-642;-720
13779000;-636;-720
13790000;-696;-720
13801000;-672;-720
13813000;-636;-720
13826000;-618;-720
13837000;-630;-720
13849000;-678;-720
13860000;-684;-720
13872000;-666;-720
13883000;-630;-720
13895000;-636;-720
13907000;-678;-720
13919000;-672;-720
13931000;-648;-720
13943000;-618;-720
13955000;-660;-720
13967000;-660;-720
13979000;-660;-720
13992000;-660;-720
14003000;-630;-720
14014000;-654;-720
14026000;-654;-720
14038000;-666;-720
14050000;-630;-720
14061000;-642;-720
14073000;-648;-720
14085000;-672;-720
14097000;-684;-720
14109000;-624;-720
14121000;-636;-720
14133000;-660;127.3085174560546875
14145000;-582;720
14156000;462;720
14168000;1014;720
14179000;1014;720
14192000;858;720
14204000;570;720
14216000;534;720
14228000;534;720
14239000;534;720
14251000;534;720
14263000;534;720
14275000;534;720
14286000;534;720
14298000;534;720
14309000;534;720
14320000;534;720
14332000;534;720
14344000;534;720
14356000;534;720
14368000;534;720
14379000;534;720
14391000;534;720
14403000;534;720
14415000;-30;-720
14427000;-270;-720
14439000;-600;-720
14450000;-852;-720
14461000;-822;-720
14473000;-636;-720
14484000;-612;-720
14495000;-624;-720
14508000;-636;-720
14519000;-672;-720
14531000;-666;-720
14542000;-642;-720
14554000;-660;-720
14565000;-660;-720
14577000;-666;-720
14588000;-642;-720
14600000;-642;-720
14611000;-636;-720
14623000;-654;-720
14635000;-660;-720
14646000;-642;-720
14657000;-642;-720
14668000;-642;-720
14680000;-660;-720
14692000;-672;-720
14704000;-672;-720
14716000;-660;-720
14728000;-654;-720
14740000;-636;-720
14751000;-636;-720
14763000;-678;-720
14774000;-672;-720
14786000;-648;-720
14798000;-636;-720
14810000;-648;-720
14821000;-684;-720
14832000;-678;-720
14844000;-666;-720
14856000;-630;-720
14867000;-642;-720
14878000;-672;-720
14889000;-678;-720
14901000;-660;-720
14912000;-618;-720
14924000;-618;-720
14936000;-654;-493.80810546875
14947000;-654;720
14958000;-198;720
14970000;660;720
14981000;1068;720
14993000;858;720
15007000;612;720
15019000;594;720
15031000;624;720
15042000;618;720
15054000;618;720
15066000;648;720
15077000;696;694.97698974609375
15089000;696;504.3182373046875
15100000;516;335.0169677734375
15112000;366;243.1735992431640625
15124000;240;189.7588653564453125
15137000;114;157.9326629638671875
15149000;108;128.8932342529296875
15160000;108;98.37837982177734375
15173000;102;57.421848297119140625
15184000;66;31.55147552490234375
15195000;30;20.267766952514648438
15207000;0;16.94435882568359375
15219000;0;15.095767974853515625
15230000;0;13.84008026123046875
15243000;0;11.488714218139648438
15256000;12;-150.5054473876953125
15268000;-48;-289.746124267578125
15279000;-156;-374.78564453125
15291000;-312;-337.811370849609375
15303000;-360;-176.1812591552734375
15314000;-294;70.59698486328125
15326000;-102;216.696380615234375
15338000;192;215.50750732421875
15349000;300;151.4639129638671875
15361000;276;88.1084747314453125
15372000;150;48.423160552978515625
15384000;36;-65.0438995361328125
15395000;-18;-186.884552001953125
15406000;-102;-300.028045654296875
15418000;-216;-267.776947021484375
15430000;-270;-112.55193328857421875
15442000;-234;81.824676513671875
15453000;-66;165.20465087890625
15466000;162;154.5826416015625
15478000;234;103.88346099853515625
15490000;222;63.7069091796875
15502000;90;49.68782806396484375
15514000;0;49.72516632080078125
15526000;12;45.559566497802734375
15538000;36;35.561977386474609375
15550000;42;25.923126220703125
15561000;36;32.37346649169921875
15572000;24;41.02325439453125
15584000;24;42.09033203125
15596000;24;37.30287933349609375
15607000;24;31.960134506225585938
15618000;24;25.0300750732421875
15631000;18;20.62877655029296875
15643000;0;17.93750762939453125
15654000;0;15.215745925903320312
15665000;0;11.54445648193359375
15677000;0;0
15689000;0;-167.4699859619140625
15701000;0;-249.6516571044921875
15713000;-174;-272.54827880859375
15724000;-240;-162.5843658447265625
15735000;-276;23.099132537841796875
15746000;-138;132.90252685546875
15759000;90;139.938079833984375
15771000;228;93.47992706298828125
15782000;192;57.952243804931640625
15794000;108;42.64202117919921875
15806000;0;42.0650787353515625
15817000;0;39.761135101318359375
15829000;18;36.26079559326171875
15841000;36;26.227550506591796875
15853000;36;15.170834541320800781
15865000;0;12.392666816711425781
15878000;0;12.321319580078125
15890000;0;11.397848129272460938
15902000;0;12.121545791625976562
15913000;0;-106.7745819091796875
15924000;-36;-208.07757568359375
15936000;-144;-218.4587554931640625
15947000;-180;-110.73297119140625
15959000;-180;17.759906768798828125
15971000;-102;76.5037841796875
15982000;90;66.35886383056640625
15994000;138;40.0284881591796875
16006000;102;22.41837310791015625
16017000;0;19.019443511962890625
16028000;0;20.48708343505859375
16040000;0;18.889278411865234375
16053000;12;11.60857391357421875
16064000;18;-24.680919647216796875
16076000;0;-243.2144317626953125
16087000;0;-325.72357177734375
16099000;-216;-376.2109375
16111000;-378;-294.976806640625
16122000;-384;-80.777374267578125
16134000;-270;138.6295166015625
16145000;24;244.885650634765625
16157000;264;198.8155517578125
16169000;306;162.6518096923828125
16180000;258;107.1689910888671875
16191000;162;79.892547607421875
16203000;60;72.337249755859375
16216000;12;69.33771514892578125
16228000;18;62.16248321533203125
16239000;42;49.2997894287109375
16251000;48;36.42896270751953125
16262000;42;27.21921539306640625
16273000;30;22.58406829833984375
16285000;12;18.895046234130859375
16296000;0;16.14199066162109375
16308000;0;12.4723052978515625
16319000;12;-14.2149200439453125
16331000;0;-118.9853668212890625
16343000;-36;-138.645843505859375
16355000;-114;-49.1112060546875
16365000;-90;40.018306732177734375
16377000;0;80.7611236572265625
16388000;0;84.0116424560546875
16400000;108;63.858684539794921875
16411000;108;38.998046875
16423000;78;24.482273101806640625
16434000;24;22.148677825927734375
16446000;-6;24.2622833251953125
16457000;0;21.564044952392578125
16470000;12;17.006984710693359375
16481000;18;11.46207427978515625
16492000;12;-23.813808441162109375
16504000;0;-236.4436798095703125
16515000;-66;-265.598114013671875
16527000;-168;-251.19683837890625
16538000;-246;-119.44548797607421875
16549000;-234;54.04730224609375
16562000;-66;122.67699432373046875
16575000;132;94.8016204833984375
16586000;192;50.41489410400390625
16597000;132;25.715484619140625
16608000;48;21.978456497192382812
16620000;-12;24.217634201049804688
16632000;-12;25.298709869384765625
16643000;18;18.911937713623046875
16654000;30;10.618730545043945312
16666000;24;-39.70188140869140625
16677000;-6;-163.5929412841796875
16690000;-84;-273.37969970703125
16702000;-204;-224.4813232421875
16713000;-246;-97.553314208984375
16724000;-186;70.59271240234375
16736000;0;147.4870147705078125
16748000;0;139.495574951171875
16760000;192;94.6927490234375
16772000;204;54.208038330078125
16783000;102;36.781642913818359375
16795000;0;35.839626312255859375
16806000;0;36.23310089111328125
16818000;0;29.96105194091796875
16830000;30;19.826648712158203125
16842000;36;11.528104782104492188
16854000;18;-6.4446988105773925781
16866000;-12;-116.261871337890625
16878000;-54;-181.5655517578125
16890000;-120;-114.43952178955078125
16902000;-138;12.152080535888671875
16916000;-96;76.8934783935546875
16928000;48;71.69979095458984375
16939000;126;46.3717803955078125
16950000;108;27.535602569580078125
16962000;42;20.688808441162109375
16975000;0;21.245082855224609375
16985000;0;18.702154159545898438
16997000;12;16.073688507080078125
17009000;18;13.4958648681640625
17021000;0;-94.2753143310546875
17033000;0;-216.790252685546875
17045000;-138;-282.371917724609375
17058000;-246;-178.429901123046875
17070000;-252;8.2589111328125
17082000;-144;128.8363037109375
17094000;78;142.1521759033203125
17106000;204;101.45355987548828125
17117000;222;72.88694000244140625
17129000;108;43.482791900634765625
17140000;12;43.8081207275390625
17152000;-12;46.19164276123046875
17163000;6;41.810482025146484375
17174000;36;30.863857269287109375
17187000;48;18.852807998657226562
17198000;30;22.493154525756835938
17211000;0;36.398632049560546875
17223000;0;40.27567291259765625
17235000;30;35.114231109619140625
17247000;36;26.14736175537109375
17258000;18;22.066616058349609375
17270000;0;20.456743240356445312
17282000;0;15.983806610107421875
17294000;18;14.890104293823242188
17306000;0;-69.33325958251953125
17318000;0;-177.2194976806640625
17329000;-114;-199.1386260986328125
17341000;-180;-126.95992279052734375
17352000;-174;1.3118991851806640625
17364000;-78;68.71875
17376000;48;66.61696624755859375
17388000;126;43.141239166259765625
17399000;108;23.914442062377929688
17411000;48;17.9362640380859375
17422000;0;19.4186248779296875
17434000;0;17.819517135620117188
17446000;12;13.326803207397460938
17458000;18;-2.5822634696960449219
17469000;18;-171.5863037109375
17481000;-66;-294.29132080078125
17494000;-210;-366.330169677734375
17506000;-360;-306.006317138671875
17517000;-360;-151.0653839111328125
17529000;-276;101.9545745849609375
17540000;6;237.6016387939453125
17552000;192;219.9617156982421875
17564000;306;155.8291473388671875
17576000;258;101.5629730224609375
17587000;144;77.921844482421875
17598000;42;73.07462310791015625
17609000;6;71.0554351806640625
17621000;30;61.220325469970703125
17633000;48;52.069896697998046875
17644000;54;38.28897857666015625
17656000;30;28.133504867553710938
17669000;24;21.67595672607421875
17680000;12;17.943605422973632812
17693000;6;15.17132568359375
17704000;6;12.460569381713867188
17715000;0;10.598644256591796875
17727000;0;-60.5471954345703125
17738000;0;-180.5718841552734375
17750000;-72;-269.449462890625
17762000;-204;-224.623199462890625
17774000;-264;-65.98207855224609375
17786000;-192;97.3225555419921875
17798000;6;142.2017364501953125
17809000;168;113.06317138671875
17820000;210;84.52657318115234375
17832000;144;52.388339996337890625
17844000;72;42.52217864990234375
17855000;0;42.410617828369140625
17868000;12;39.996791839599609375
17880000;30;31.800266265869140625
17892000;30;21.725322723388671875
17904000;24;14.31974029541015625
17915000;18;13.607036590576171875
17926000;0;-105.6412811279296875
17939000;0;-177.44012451171875
17951000;-114;-145.9392852783203125
17963000;-144;-30.569698333740234375
17974000;-132;59.05245208740234375
17986000;0;78.9239044189453125
17999000;108;60.40807342529296875
18010000;120;36.573699951171875
18021000;90;24.786956787109375
18032000;0;18.31241607666015625
18045000;0;18.65746307373046875
18056000;0;16.968662261962890625
18069000;12;13.338319778442382812
18080000;12;-23.543926239013671875
18092000;12;-240.397003173828125
18104000;-60;-268.1019287109375
18115000;-168;-253.6385040283203125
18127000;-258;-108.4577789306640625
18139000;-216;61.6371612548828125
18151000;-72;135.205169677734375
18162000;126;126.12816619873046875
18174000;210;83.05628204345703125
18186000;186;52.018306732177734375
18199000;78;42.36472320556640625
18212000;0;43.296138763427734375
18224000;0;39.901523590087890625
18235000;24;31.744161605834960938
18248000;36;20.6926727294921875
18259000;36;13.332311630249023438
18271000;0;10.536138534545898438
18284000;0;10.8235931396484375
18295000;0;-123.72907257080078125
18308000;0;-183.4156646728515625
18319000;-108;-152.151092529296875
18330000;-156;-28.973653793334960938
18342000;-138;61.74439239501953125
18354000;0;80.55432891845703125
18366000;108;60.49814605712890625
18377000;126;35.61578369140625
18388000;90;24.730909347534179688
18399000;54;17.25225830078125
18411000;0;18.550067901611328125
18423000;0;16.8839874267578125
18434000;0;14.180571556091308594
18446000;12;12.938196182250976562
18458000;12;26.38820648193359375
18470000;12;33.163906097412109375
18482000;18;32.9166717529296875
18494000;18;27.547149658203125
18505000;18;23.732395172119140625
18517000;12;20.345401763916015625
18529000;0;17.693365097045898438
18540000;12;13.999425888061523438
18552000;18;-14.872606277465820312
18564000;6;-212.626922607421875
18575000;-72;-415.651397705078125
18588000;-204;-243.4565277099609375
18600000;-270;-84.165863037109375
18612000;-240;62.3193511962890625
18624000;30;122.70052337646484375
18635000;138;98.4198760986328125
18647000;198;60.628223419189453125
18659000;126;38.766143798828125
18670000;0;35.880489349365234375
18681000;0;36.692821502685546875
18693000;6;34.271488189697265625
18704000;24;26.109828948974609375
18716000;30;16.928567886352539062
18728000;30;14.802597999572753906
18739000;0;-109.64502716064453125
18752000;0;-220.6294097900390625
18764000;-120;-248.06622314453125
18776000;-234;-128.829925537109375
18789000;-192;34.033992767333984375
18801000;-48;115.69732666015625
18812000;132;116.3971405029296875
18824000;192;74.87302398681640625
18836000;132;45.29691314697265625
18848000;36;51.67757415771484375
18860000;0;-61.83238983154296875
18871000;0;-358.26519775390625
18884000;-114;-411.796356201171875
18895000;-300;-437.912017822265625
18908000;-396;-332.696044921875
18920000;-444;-69.06246185302734375
18931000;-336;195.5926971435546875
18942000;36;293.5142822265625
18954000;366;239.62799072265625
18965000;372;188.9269561767578125
18976000;222;135.9389801025390625
18988000;126;113.6808929443359375
18999000;54;102.74376678466796875
19010000;54;87.20241546630859375
19024000;84;63.695812225341796875
19035000;90;42.636383056640625
19047000;48;31.62670135498046875
19058000;0;29.82332611083984375
19071000;0;27.989789962768554688
19082000;12;24.249607086181640625
19094000;12;19.637762069702148438
19105000;12;16.885339736938476562
19116000;0;15.04949951171875
19128000;0;25.342378616333007812
19139000;0;37.00595855712890625
19150000;12;38.98583221435546875
19164000;30;33.85131072998046875
19175000;30;25.8248138427734375
19187000;24;19.787845611572265625
19199000;18;14.524137496948242188
19211000;0;11.877819061279296875
19222000;0;11.876737594604492188
19234000;0;10.950801849365234375
19245000;0;-45.24382781982421875
19257000;0;-166.39013671875
19269000;-84;-271.125732421875
19281000;-210;-218.0750732421875
19294000;-252;-44.36374664306640625
19305000;-180;93.571258544921875
19318000;18;137.3315582275390625
19329000;168;108.34990692138671875
19341000;210;65.033538818359375
19352000;138;47.913700103759765625
19365000;30;41.122348785400390625
19378000;-6;43.32425689697265625
19389000;0;41.92864227294921875
19401000;36;27.9928131103515625
19413000;36;18.088411331176757812
19424000;36;11.783971786499023438
19437000;0;-46.9728851318359375
19449000;0;-49.45865631103515625
19461000;-48;-13.637704849243164062
19473000;-30;172.3501434326171875
19485000;66;275.86895751953125
19497000;162;301.304473876953125
19508000;276;181.2443389892578125
19520000;324;-23.47635650634765625
19531000;180;-166.8539276123046875
19542000;-120;-163.7198638916015625
19554000;-264;-111.94576263427734375
19566000;-216;-77.0659027099609375
19577000;-72;-71.75131988525390625
19588000;12;-77.23760986328125
19600000;0;-78.81256103515625
19611000;0;-69.64197540283203125
19622000;-60;-54.68924713134765625
19634000;-54;-43.378330230712890625
19645000;-30;-40.75037384033203125
19656000;0;-41.12758636474609375
19669000;0;-41.341487884521484375
19681000;-12;-38.660800933837890625
19692000;-12;-35.931488037109375
19704000;0;-45.560089111328125
19715000;0;-55.818241119384765625
19727000;-12;-45.91785430908203125
19738000;-18;-36.381481170654296875
19749000;-18;-33.403202056884765625
19761000;0;-36.416107177734375
19773000;0;-41.74343109130859375
19784000;0;-46.998538970947265625
19796000;-12;-48.0653839111328125
19807000;-18;-82.55367279052734375
19818000;-24;-112.77307891845703125
19830000;-48;-125.80072784423828125
19841000;-78;-133.3431243896484375
19853000;-102;-118.89118194580078125
19864000;-102;-90.07207489013671875
19876000;-72;-63.9100341796875
19888000;-36;-63.24942779541015625
19900000;0;-91.009246826171875
19912000;0;-139.9752197265625
19925000;-66;-216.3799591064453125
19936000;-144;-399.636688232421875
19948000;-204;-530.185302734375
19960000;-432;-529.9951171875
19973000;-564;-333.45001220703125
19985000;-498;-228.6083831787109375
19998000;-246;-187.071044921875
20010000;-84;-173.2982025146484375
20023000;-60;-154.8399200439453125
20034000;-96;-126.181854248046875
20045000;-108;-106.18769073486328125
20055000;-102;-85.79940032958984375
20065000;-66;-73.8765106201171875
20077000;-24;-70.58892822265625
20089000;-18;-70.0588531494140625
20100000;-18;-66.452606201171875
20112000;-18;-62.0351715087890625
20124000;-24;-57.461208343505859375
20135000;-18;-55.637775421142578125
20147000;0;-54.796955108642578125
20159000;0;-54.852069854736328125
20171000;0;-52.9758453369140625
20181000;-6;-52.06084442138671875
20193000;0;-51.153133392333984375
20206000;0;-50.237091064453125
20217000;0;-50.223392486572265625
20230000;0;-50.251110076904296875
20241000;0;-49.335308074951171875
20254000;0;-50.240375518798828125
20265000;0;-49.29901885986328125
20277000;0;-49.32561492919921875
20288000;0;-49.314479827880859375
20300000;0;-49.35221099853515625
20312000;0;-49.360942840576171875
20324000;0;-49.36086273193359375
20335000;0;-49.36086273193359375
20346000;0;-49.36086273193359375
20358000;0;-49.36086273193359375
20369000;0;-49.36086273193359375
20381000;0;-49.36086273193359375
20392000;0;-49.36086273193359375
20404000;0;-49.36086273193359375
20416000;0;-49.36086273193359375
20428000;0;-49.36086273193359375
20441000;0;-49.36086273193359375
20452000;0;-49.36086273193359375
20463000;0;-49.36086273193359375
20474000;0;-49.36086273193359375
20486000;0;-49.36086273193359375
20497000;0;-49.36086273193359375
20509000;0;-49.36086273193359375
20520000;0;-49.36086273193359375
20532000;0;-49.36086273193359375
20543000;0;-49.36086273193359375
20555000;0;-49.36086273193359375
20566000;0;-49.36086273193359375
20578000;0;-49.36086273193359375
20590000;0;-49.36086273193359375
20602000;0;-49.36086273193359375
20614000;0;-49.36086273193359375
20626000;0;-49.36086273193359375
20638000;0;-49.36086273193359375
20649000;0;-49.36086273193359375
20661000;0;-49.36086273193359375
20673000;0;-49.36086273193359375
20684000;0;-49.36086273193359375
20696000;0;-49.36086273193359375
20709000;0;-49.36086273193359375
20722000;0;-49.36086273193359375
20734000;0;-49.36086273193359375
20745000;0;-49.36086273193359375
20757000;0;-49.36086273193359375
20769000;0;-49.36086273193359375
20781000;0;-49.36086273193359375
20793000;0;-49.36086273193359375
20805000;0;-49.36086273193359375
20817000;0;-49.36086273193359375
20829000;0;-49.36086273193359375
20840000;0;-49.36086273193359375
20852000;0;-49.36086273193359375
20865000;0;-49.36086273193359375
20877000;0;-49.36086273193359375
20889000;0;-49.36086273193359375
20900000;0;-49.36086273193359375
20912000;0;-49.36086273193359375
20924000;0;-49.36086273193359375
20935000;0;-49.36086273193359375
20948000;0;-49.36086273193359375
20960000;0;-49.36086273193359375
20971000;0;-49.36086273193359375
20982000;0;-49.36086273193359375
20994000;0;-49.36086273193359375
21006000;0;-49.36086273193359375
21018000;0;-49.36086273193359375
21029000;0;-49.36086273193359375
21041000;0;-49.36086273193359375
21051000;0;-49.36086273193359375
21063000;0;-49.36086273193359375
21075000;0;-49.36086273193359375
21087000;0;-49.36086273193359375
21098000;0;-49.36086273193359375
21111000;0;-49.36086273193359375
21122000;0;-49.36086273193359375
21134000;0;-49.36086273193359375
21145000;0;-49.36086273193359375
21157000;0;-49.36086273193359375
21168000;0;-49.36086273193359375
21180000;0;-49.36086273193359375
21191000;0;-49.36086273193359375
21204000;0;-49.36086273193359375
21215000;0;-49.36086273193359375
21226000;0;-49.36086273193359375
21238000;0;-49.36086273193359375
21250000;0;-49.36086273193359375
21262000;0;-49.36086273193359375
21274000;0;-49.36086273193359375
21285000;0;-49.36086273193359375
21297000;0;-49.36086273193359375
21308000;0;-49.36086273193359375
21319000;0;-49.36086273193359375
21331000;0;-49.36086273193359375
21342000;0;-49.36086273193359375
21354000;0;-49.36086273193359375
21365000;0;-49.36086273193359375
21377000;0;-49.36086273193359375
21388000;0;-49.36086273193359375
21400000;0;-49.36086273193359375
21411000;0;-49.36086273193359375
21422000;0;-49.36086273193359375
21434000;0;-49.36086273193359375
21445000;0;-49.36086273193359375
21457000;0;-49.36086273193359375
21469000;0;-49.36086273193359375
21482000;0;-49.36086273193359375
21494000;0;-49.36086273193359375
21506000;0;-49.36086273193359375
21518000;0;-49.36086273193359375
21530000;0;-49.36086273193359375
21541000;0;-49.36086273193359375
21553000;0;-49.36086273193359375
21565000;0;-49.36086273193359375
21576000;0;-49.36086273193359375
21588000;0;-49.36086273193359375
21600000;0;-49.36086273193359375
21611000;0;-49.36086273193359375
21624000;0;-49.36086273193359375
21635000;0;-49.36086273193359375
21648000;0;-49.36086273193359375
21661000;0;-49.36086273193359375
21672000;0;-49.36086273193359375
21684000;0;-49.36086273193359375
21696000;0;-49.36086273193359375
21708000;0;-49.36086273193359375
21719000;0;-49.36086273193359375
21731000;0;-49.36086273193359375
21743000;0;-49.36086273193359375
21754000;0;-49.36086273193359375
21766000;0;-49.36086273193359375
21778000;0;-49.36086273193359375
21790000;0;-49.36086273193359375
21801000;0;-49.36086273193359375
21813000;0;-49.36086273193359375
21824000;0;-49.36086273193359375
21836000;0;-49.36086273193359375
21848000;0;-49.36086273193359375
21859000;0;-49.36086273193359375
21871000;0;-49.36086273193359375
21882000;0;-49.36086273193359375
21894000;0;-49.36086273193359375
21906000;0;-49.36086273193359375
21918000;0;-49.36086273193359375
21930000;0;-49.36086273193359375
21942000;0;-49.36086273193359375
21954000;0;-49.36086273193359375
21966000;0;-49.36086273193359375
21978000;0;-49.36086273193359375
21989000;0;-49.36086273193359375
22001000;0;-49.36086273193359375
22013000;0;-49.36086273193359375
22025000;0;-49.36086273193359375
22037000;0;-49.36086273193359375
22049000;0;-49.36086273193359375
22060000;0;-49.36086273193359375
22071000;0;-49.36086273193359375
22083000;0;-49.36086273193359375
22095000;0;-49.36086273193359375
22107000;0;-49.36086273193359375
22119000;0;-49.36086273193359375
22131000;0;-49.36086273193359375
22142000;0;-49.36086273193359375
22154000;0;-49.36086273193359375
22165000;0;-49.36086273193359375
22177000;0;-49.36086273193359375
22189000;0;-49.36086273193359375
22200000;0;-49.36086273193359375
22213000;0;-49.36086273193359375
22224000;0;-49.36086273193359375
22235000;0;-49.36086273193359375
22247000;0;-49.36086273193359375
22258000;0;-49.36086273193359375
22270000;0;-49.36086273193359375
22282000;0;-49.36086273193359375
22294000;0;-49.36086273193359375
22306000;0;-49.36086273193359375
22317000;0;-49.36086273193359375
22329000;0;-49.36086273193359375
22340000;0;-49.36086273193359375
22352000;0;-49.36086273193359375
22364000;0;-49.36086273193359375
22376000;0;-49.36086273193359375
22389000;0;-49.36086273193359375
22400000;0;-49.36086273193359375
22411000;0;-49.36086273193359375
22423000;0;-49.36086273193359375
22434000;0;-49.36086273193359375
22445000;0;-49.36086273193359375
22457000;0;-49.36086273193359375
22469000;0;-49.36086273193359375
22481000;0;-49.36086273193359375
22493000;0;-49.36086273193359375
22504000;0;-49.36086273193359375
22516000;0;-49.36086273193359375
22529000;0;-49.36086273193359375
22539000;0;-49.36086273193359375
22551000;0;-49.36086273193359375
22563000;0;-49.36086273193359375
22575000;0;-49.36086273193359375
22587000;0;-49.36086273193359375
22598000;0;-49.36086273193359375
22610000;0;-49.36086273193359375
22622000;0;-49.36086273193359375
22633000;0;-49.36086273193359375
22645000;0;-49.36086273193359375
22657000;0;-49.36086273193359375
22670000;0;-49.36086273193359375
22681000;0;-49.36086273193359375
22692000;0;-49.36086273193359375
22704000;0;-49.36086273193359375
22715000;0;-49.36086273193359375
22727000;0;-49.36086273193359375
22738000;0;-49.36086273193359375
22749000;0;-49.36086273193359375
22761000;0;-49.36086273193359375
22772000;0;-49.36086273193359375
22784000;0;-49.36086273193359375
22795000;0;-49.36086273193359375
22807000;0;-49.36086273193359375
22818000;0;-49.36086273193359375
22829000;0;-49.36086273193359375
22841000;0;-49.36086273193359375
22852000;0;-49.36086273193359375
22864000;0;-49.36086273193359375
22876000;0;-49.36086273193359375
22888000;0;-49.36086273193359375
22901000;0;-49.36086273193359375
22913000;0;-49.36086273193359375
22925000;0;-49.36086273193359375
22937000;0;-49.36086273193359375
22948000;0;-49.36086273193359375
22959000;0;-49.36086273193359375
22972000;0;-49.36086273193359375
22983000;0;-49.36086273193359375
22995000;0;-49.36086273193359375
23007000;0;-49.36086273193359375
23018000;0;-49.36086273193359375
23031000;0;-49.36086273193359375
23043000;0;-49.36086273193359375
23054000;0;-49.36086273193359375
23065000;0;-49.36086273193359375
23077000;0;-49.36086273193359375
23088000;0;-49.36086273193359375
23100000;0;-49.36086273193359375
23112000;0;-49.36086273193359375
23124000;0;-49.36086273193359375
23136000;0;-49.36086273193359375
23149000;0;-49.36086273193359375
23160000;0;-49.36086273193359375
23172000;0;-49.36086273193359375
23185000;0;-49.36086273193359375
23197000;0;-49.36086273193359375
23208000;0;-49.36086273193359375
23219000;0;-49.36086273193359375
23231000;0;-49.36086273193359375
23243000;0;-49.36086273193359375
23255000;0;-49.36086273193359375
23267000;0;-49.36086273193359375
23278000;0;-49.36086273193359375
23289000;0;-49.36086273193359375
23301000;0;-49.36086273193359375
23314000;0;-49.36086273193359375
23326000;0;-49.36086273193359375
23338000;0;-49.36086273193359375
23349000;0;-49.36086273193359375
23360000;0;-49.36086273193359375
23373000;0;-49.36086273193359375
23385000;0;-49.36086273193359375
23396000;0;-49.36086273193359375
23408000;0;-49.36086273193359375
23420000;0;-49.36086273193359375
23431000;0;-49.36086273193359375
23442000;0;-49.36086273193359375
23453000;0;-49.36086273193359375
23466000;0;-49.36086273193359375
23477000;0;-49.36086273193359375
23489000;0;-49.36086273193359375
23502000;0;-49.36086273193359375
23514000;0;-49.36086273193359375
23525000;0;-49.36086273193359375
23536000;0;-49.36086273193359375
23547000;0;-49.36086273193359375
23559000;0;-49.36086273193359375
23571000;0;-49.36086273193359375
23582000;0;-49.36086273193359375
23594000;0;-49.36086273193359375
23605000;0;-49.36086273193359375
23617000;0;-49.36086273193359375
23629000;0;-49.36086273193359375
23641000;0;-49.36086273193359375
23651000;0;-49.36086273193359375
23663000;0;-49.36086273193359375
23675000;0;-49.36086273193359375
23687000;0;-49.36086273193359375
23698000;0;-49.36086273193359375
23713000;0;-49.36086273193359375
23726000;0;-49.36086273193359375
23738000;0;-49.36086273193359375
23750000;0;-49.36086273193359375
23762000;0;-49.36086273193359375
23774000;0;-49.36086273193359375
23786000;0;-49.36086273193359375
23798000;0;-49.36086273193359375
23809000;0;-49.36086273193359375
23821000;0;-49.36086273193359375
23833000;0;-49.36086273193359375
23844000;0;-49.36086273193359375
23856000;0;-49.36086273193359375
23868000;0;-49.36086273193359375
23879000;0;-49.36086273193359375
23891000;0;-49.36086273193359375
23903000;0;-49.36086273193359375
23915000;0;-49.36086273193359375
23928000;0;-49.36086273193359375
23939000;0;-49.36086273193359375
23950000;0;-49.36086273193359375
23962000;0;-49.36086273193359375
23974000;0;-49.36086273193359375
23986000;0;-49.36086273193359375
23998000;0;-49.36086273193359375
24010000;0;-49.36086273193359375
24021000;0;-49.36086273193359375
24033000;0;-49.36086273193359375
24044000;0;-49.36086273193359375
24056000;0;-49.36086273193359375
24068000;0;-49.36086273193359375
24079000;0;-49.36086273193359375
24091000;0;-49.36086273193359375
24102000;0;-49.36086273193359375
24114000;0;-49.36086273193359375
24127000;0;-49.36086273193359375
24138000;0;-49.36086273193359375
24149000;0;-49.36086273193359375
24161000;0;-49.36086273193359375
24173000;0;-49.36086273193359375
24185000;0;-49.36086273193359375
24197000;0;-49.36086273193359375
24209000;0;-49.36086273193359375
24221000;0;-49.36086273193359375
24232000;0;-49.36086273193359375
24244000;0;-49.36086273193359375
24255000;0;-49.36086273193359375
24267000;0;-49.36086273193359375
24279000;0;-49.36086273193359375
24291000;0;-49.36086273193359375
24303000;0;-49.36086273193359375
24315000;0;-49.36086273193359375
24326000;0;-49.36086273193359375
24338000;0;-49.36086273193359375
24349000;0;-49.36086273193359375
24361000;0;-49.36086273193359375
24374000;0;-49.36086273193359375
24385000;0;-49.36086273193359375
24397000;0;-49.36086273193359375
24408000;0;-49.36086273193359375
24420000;0;-49.36086273193359375
24431000;0;-49.36086273193359375
24443000;0;-49.36086273193359375
24455000;0;-49.36086273193359375
24466000;0;-49.36086273193359375
24478000;0;-49.36086273193359375
24490000;0;-49.36086273193359375
24501000;0;-49.36086273193359375
24513000;0;-49.36086273193359375
24526000;0;-49.36086273193359375
24537000;0;-49.36086273193359375
24548000;0;-49.36086273193359375
24559000;0;-49.36086273193359375
24571000;0;-49.36086273193359375
24583000;0;-49.36086273193359375
24594000;0;-49.36086273193359375
24606000;0;-49.36086273193359375
24617000;0;-49.36086273193359375
24628000;0;-49.36086273193359375
24639000;0;-49.36086273193359375
24651000;0;-49.36086273193359375
24662000;0;-49.36086273193359375
24674000;0;-49.36086273193359375
24685000;0;-49.36086273193359375
24697000;0;-49.36086273193359375
24708000;0;-49.36086273193359375
24719000;0;-49.36086273193359375
24730000;0;-49.36086273193359375
24743000;0;-49.36086273193359375
24754000;0;-49.36086273193359375
24765000;0;-49.36086273193359375
24777000;0;-49.36086273193359375
24789000;0;-49.36086273193359375
24800000;0;-49.36086273193359375
24812000;0;-49.36086273193359375
24824000;0;-49.36086273193359375
24835000;0;-49.36086273193359375
24847000;0;-49.36086273193359375
24858000;0;-49.36086273193359375
24869000;0;-49.36086273193359375
24881000;0;-49.36086273193359375
24893000;0;-49.36086273193359375
24905000;0;-49.36086273193359375
24917000;0;-49.36086273193359375
24929000;0;-49.36086273193359375
24941000;0;-49.36086273193359375
24953000;0;-49.36086273193359375
24964000;0;-49.36086273193359375
24976000;0;-49.36086273193359375
24988000;0;-49.36086273193359375
24999000;0;-49.36086273193359375
25011000;0;-49.36086273193359375
25023000;0;-49.36086273193359375
25035000;0;-49.36086273193359375
25047000;0;-49.36086273193359375
25059000;0;-49.36086273193359375
25071000;0;-49.36086273193359375
25082000;0;-49.36086273193359375
25095000;0;-49.36086273193359375
25105000;0;-49.36086273193359375
25116000;0;-49.36086273193359375
25128000;0;-49.36086273193359375
25139000;0;-49.36086273193359375
25150000;0;-49.36086273193359375
25162000;0;-49.36086273193359375
25174000;0;-49.36086273193359375
25187000;0;-49.36086273193359375
25199000;0;-49.36086273193359375
25211000;0;-49.36086273193359375
25222000;0;-49.36086273193359375
25235000;0;-49.36086273193359375
25246000;0;-49.36086273193359375
25257000;0;-49.36086273193359375
25269000;0;-49.36086273193359375
25280000;0;-49.36086273193359375
25291000;0;-49.36086273193359375
25303000;0;-49.36086273193359375
25315000;0;-49.36086273193359375
25327000;0;-49.36086273193359375
25339000;0;-49.36086273193359375
25350000;0;-49.36086273193359375
25361000;0;-49.36086273193359375
25373000;0;-49.36086273193359375
25385000;0;-49.36086273193359375
25397000;0;-49.36086273193359375
25410000;0;-49.36086273193359375
25423000;0;-49.36086273193359375
25435000;0;-49.36086273193359375
25447000;0;-49.36086273193359375
25458000;0;-49.36086273193359375
25469000;0;-49.36086273193359375
25481000;0;-49.36086273193359375
25493000;0;-49.36086273193359375
25504000;0;-49.36086273193359375
25517000;0;-49.36086273193359375
25529000;0;-49.36086273193359375
25541000;0;-49.36086273193359375
25552000;0;-49.36086273193359375
25565000;0;-49.36086273193359375
25576000;0;-49.36086273193359375
25588000;0;-49.36086273193359375
25600000;0;-49.36086273193359375
25612000;0;-49.36086273193359375
25625000;0;-49.36086273193359375
25636000;0;-49.36086273193359375
25648000;0;-49.36086273193359375
25661000;0;-49.36086273193359375
25673000;0;-49.36086273193359375
25685000;0;-49.36086273193359375
25695000;0;-49.36086273193359375
25707000;0;-49.36086273193359375
25719000;0;-49.36086273193359375
25730000;0;-49.36086273193359375
25742000;0;-49.36086273193359375
25754000;0;-49.36086273193359375
25765000;0;-49.36086273193359375
25777000;0;-49.36086273193359375
25789000;0;-49.36086273193359375
25800000;0;-49.36086273193359375
25811000;0;-49.36086273193359375
25823000;0;-49.36086273193359375
25834000;0;-49.36086273193359375
25845000;0;-49.36086273193359375
25858000;0;-49.36086273193359375
25871000;0;-49.36086273193359375
25882000;0;-49.36086273193359375
25894000;0;-49.36086273193359375
25907000;0;-49.36086273193359375
25918000;0;-49.36086273193359375
25931000;0;-49.36086273193359375
25943000;0;-49.36086273193359375
25955000;0;-49.36086273193359375
25965000;0;-49.36086273193359375
25978000;0;-49.36086273193359375
25990000;0;-49.36086273193359375
26002000;0;-49.36086273193359375
26014000;0;-49.36086273193359375
26026000;0;-49.36086273193359375
26038000;0;-49.36086273193359375
26049000;0;-49.36086273193359375
26062000;0;-49.36086273193359375
26074000;0;-49.36086273193359375
26086000;0;-49.36086273193359375
26098000;0;-49.36086273193359375
26109000;0;-49.36086273193359375
26120000;0;-49.36086273193359375
26132000;0;-49.36086273193359375
26145000;0;-49.36086273193359375
26155000;0;-49.36086273193359375
26167000;0;-49.36086273193359375
26179000;0;-49.36086273193359375
26191000;0;-49.36086273193359375
26203000;0;-49.36086273193359375
26214000;0;-49.36086273193359375
26226000;0;-49.36086273193359375
26238000;0;-49.36086273193359375
26249000;0;-49.36086273193359375
26261000;0;-49.36086273193359375
26272000;0;-49.36086273193359375
26284000;0;-49.36086273193359375
26296000;0;-49.36086273193359375
26308000;0;-49.36086273193359375
26319000;0;-49.36086273193359375
26331000;0;-49.36086273193359375
26342000;0;-49.36086273193359375
26354000;0;-49.36086273193359375
26365000;0;-49.36086273193359375
26377000;0;-49.36086273193359375
26388000;0;-49.36086273193359375
26400000;0;-49.36086273193359375
26412000;0;-49.36086273193359375
26424000;0;-49.36086273193359375
26436000;0;-49.36086273193359375
26447000;0;-49.36086273193359375
26459000;0;-49.36086273193359375
26470000;0;-49.36086273193359375
26482000;0;-49.36086273193359375
26494000;0;-49.36086273193359375
26505000;0;-49.36086273193359375
26517000;0;-49.36086273193359375
26529000;0;-49.36086273193359375
26541000;0;-49.36086273193359375
26552000;0;-49.36086273193359375
26564000;0;-49.36086273193359375
26576000;0;-49.36086273193359375
26588000;0;-49.36086273193359375
26601000;0;-49.36086273193359375
26613000;0;-49.36086273193359375
26624000;0;-49.36086273193359375
26636000;0;-49.36086273193359375
26648000;0;-49.36086273193359375
26659000;0;-49.36086273193359375
26671000;0;-49.36086273193359375
26683000;0;-49.36086273193359375
26695000;0;-49.36086273193359375
26708000;0;-49.36086273193359375
26719000;0;-49.36086273193359375
26731000;0;-49.36086273193359375
26742000;0;-49.36086273193359375
26754000;0;-49.36086273193359375
26765000;0;-49.36086273193359375
26778000;0;-49.36086273193359375
26790000;0;-49.36086273193359375
26802000;0;-49.36086273193359375
26814000;0;-49.36086273193359375
26825000;0;-49.36086273193359375
26837000;0;-49.36086273193359375
26849000;0;-49.36086273193359375
26861000;0;-49.36086273193359375
26872000;0;-49.36086273193359375
26885000;0;-49.36086273193359375
26895000;0;-49.36086273193359375
26907000;0;-49.36086273193359375
26921000;0;-49.36086273193359375
26932000;0;-49.36086273193359375
26944000;0;-49.36086273193359375
26955000;0;-49.36086273193359375
26968000;0;-49.36086273193359375
26979000;0;-49.36086273193359375
26991000;0;-49.36086273193359375
27003000;0;-49.36086273193359375
27015000;0;-49.36086273193359375
27027000;0;-49.36086273193359375
27039000;0;-49.36086273193359375
27051000;0;-49.36086273193359375
27063000;0;-49.36086273193359375
27075000;0;-49.36086273193359375
27086000;0;-49.36086273193359375
27099000;0;-49.36086273193359375
27111000;0;-49.36086273193359375
27122000;0;-49.36086273193359375
27134000;0;-49.36086273193359375
27146000;0;-49.36086273193359375
27158000;0;-49.36086273193359375
27170000;0;-49.36086273193359375
27182000;0;-49.36086273193359375
27194000;0;-49.36086273193359375
27206000;0;-49.36086273193359375
27217000;0;-49.36086273193359375
27229000;0;-49.36086273193359375
27241000;0;-49.36086273193359375
27252000;0;-49.36086273193359375
27262000;0;-49.36086273193359375
27275000;0;-49.36086273193359375
27287000;0;-49.36086273193359375
27299000;0;-49.36086273193359375
27311000;0;-49.36086273193359375
27322000;0;-49.36086273193359375
27333000;0;-49.36086273193359375
27344000;0;-49.36086273193359375
27355000;0;-49.36086273193359375
27368000;0;-49.36086273193359375
27380000;0;-49.36086273193359375
27391000;0;-49.36086273193359375
27402000;0;-49.36086273193359375
27414000;0;-49.36086273193359375
27425000;0;-49.36086273193359375
27437000;0;-49.36086273193359375
27449000;0;-49.36086273193359375
27460000;0;-49.36086273193359375
27471000;0;-49.36086273193359375
27483000;0;-49.36086273193359375
27495000;0;-49.36086273193359375
27505000;0;-49.36086273193359375
27517000;0;-49.36086273193359375
27529000;0;-49.36086273193359375
27541000;0;-49.36086273193359375
27553000;0;-49.36086273193359375
27564000;0;-49.36086273193359375
27575000;0;-49.36086273193359375
27587000;0;-49.36086273193359375
27598000;0;-49.36086273193359375
27610000;0;-49.36086273193359375
27622000;0;-49.36086273193359375
27633000;0;-49.36086273193359375
27645000;0;-49.36086273193359375
27656000;0;-49.36086273193359375
27668000;0;-49.36086273193359375
27680000;0;-49.36086273193359375
27691000;0;-49.36086273193359375
27702000;0;-49.36086273193359375
27714000;0;-49.36086273193359375
27726000;0;-49.36086273193359375
27738000;0;-49.36086273193359375
27749000;0;-49.36086273193359375
27761000;0;-49.36086273193359375
27774000;0;-49.36086273193359375
27786000;0;-49.36086273193359375
27798000;0;-49.36086273193359375
27809000;0;-49.36086273193359375
27821000;0;-49.36086273193359375
27832000;0;-49.36086273193359375
27844000;0;-49.36086273193359375
27855000;0;-49.36086273193359375
27867000;0;-49.36086273193359375
27879000;0;-49.36086273193359375
27891000;0;-49.36086273193359375
27902000;0;-49.36086273193359375
27915000;0;-49.36086273193359375
27927000;0;-49.36086273193359375
27938000;0;-49.36086273193359375
27950000;0;-49.36086273193359375
27961000;0;-49.36086273193359375
27972000;0;-49.36086273193359375
27984000;0;-49.36086273193359375
27996000;0;-49.36086273193359375
28008000;0;-49.36086273193359375
28020000;0;-49.36086273193359375
28031000;0;-49.36086273193359375
28044000;0;-49.36086273193359375
28055000;0;-49.36086273193359375
28067000;0;-49.36086273193359375
28078000;0;-49.36086273193359375
28090000;0;-49.36086273193359375
28102000;0;-49.36086273193359375
28114000;0;-49.36086273193359375
28125000;0;-49.36086273193359375
28137000;0;-49.36086273193359375
28149000;0;-49.36086273193359375
28162000;0;-49.36086273193359375
28174000;0;-49.36086273193359375
28185000;0;-49.36086273193359375
28197000;0;-49.36086273193359375
28209000;0;-49.36086273193359375
28220000;0;-49.36086273193359375
28233000;0;-49.36086273193359375
28245000;0;-49.36086273193359375
28256000;0;-49.36086273193359375
28269000;0;-49.36086273193359375
28280000;0;-49.36086273193359375
28291000;0;-49.36086273193359375
28303000;0;-49.36086273193359375
28314000;0;-49.36086273193359375
28327000;0;-49.36086273193359375
28339000;0;-49.36086273193359375
28350000;0;-49.36086273193359375
28362000;0;-49.36086273193359375
28373000;0;-49.36086273193359375
28384000;0;-49.36086273193359375
28395000;0;-49.36086273193359375
28407000;0;-49.36086273193359375
28419000;0;-49.36086273193359375
28431000;0;-49.36086273193359375
28442000;0;-49.36086273193359375
28454000;0;-49.36086273193359375
28466000;0;-49.36086273193359375
28477000;0;-49.36086273193359375
28489000;0;-49.36086273193359375
28499000;0;-49.36086273193359375
28511000;0;-49.36086273193359375
28523000;0;-49.36086273193359375
28535000;0;-49.36086273193359375
28546000;0;-49.36086273193359375
28558000;0;-49.36086273193359375
28569000;0;-49.36086273193359375
28580000;0;-49.36086273193359375
28592000;0;-49.36086273193359375
28603000;0;-49.36086273193359375
28615000;0;-49.36086273193359375
28627000;0;-49.36086273193359375
28639000;0;-49.36086273193359375
28650000;0;-49.36086273193359375
28662000;0;-49.36086273193359375
28675000;0;-49.36086273193359375
28686000;0;-49.36086273193359375
28698000;0;-49.36086273193359375
28710000;0;-49.36086273193359375
28721000;0;-49.36086273193359375
28733000;0;-49.36086273193359375
28744000;0;-49.36086273193359375
28755000;0;-49.36086273193359375
28767000;0;-49.36086273193359375
28778000;0;-49.36086273193359375
28790000;0;-49.36086273193359375
28803000;0;-49.36086273193359375
28815000;0;-49.36086273193359375
28827000;0;-49.36086273193359375
28839000;0;-49.36086273193359375
28850000;0;-49.36086273193359375
28863000;0;-49.36086273193359375
28874000;0;-49.36086273193359375
28885000;0;-49.36086273193359375
28897000;0;-49.36086273193359375
28909000;0;-49.36086273193359375
28919000;0;-49.36086273193359375
28930000;0;-49.36086273193359375
28942000;0;-49.36086273193359375
28952000;0;-49.36086273193359375
28965000;0;-49.36086273193359375
28975000;0;-49.36086273193359375
28987000;0;-49.36086273193359375
28998000;0;-49.36086273193359375
29010000;0;-49.36086273193359375
29022000;0;-49.36086273193359375
29034000;0;-49.36086273193359375
29046000;0;-49.36086273193359375
29058000;0;-49.36086273193359375
29070000;0;-49.36086273193359375
29083000;0;-49.36086273193359375
29094000;0;-49.36086273193359375
29106000;0;-49.36086273193359375
29117000;0;-49.36086273193359375
29129000;0;-49.36086273193359375
29141000;0;-49.36086273193359375
29152000;0;-49.36086273193359375
29164000;0;-49.36086273193359375
29175000;0;-49.36086273193359375
29188000;0;-49.36086273193359375
29200000;0;-49.36086273193359375
29212000;0;-49.36086273193359375
29224000;0;-49.36086273193359375
29235000;0;-49.36086273193359375
29247000;0;-49.36086273193359375
29259000;0;-49.36086273193359375
29270000;0;-49.36086273193359375
29282000;0;-49.36086273193359375
29293000;0;-49.36086273193359375
29304000;0;-49.36086273193359375
29316000;0;-49.36086273193359375
29328000;0;-49.36086273193359375
29340000;0;-49.36086273193359375
29351000;0;-49.36086273193359375
29363000;0;-49.36086273193359375
29374000;0;-49.36086273193359375
29386000;0;-49.36086273193359375
29398000;0;-49.36086273193359375
29410000;0;-49.36086273193359375
29421000;0;-49.36086273193359375
29434000;0;-49.36086273193359375
29446000;0;-49.36086273193359375
29458000;0;-49.36086273193359375
29470000;0;-49.36086273193359375
29481000;0;-49.36086273193359375
29493000;0;-49.36086273193359375
29504000;0;-49.36086273193359375
29516000;0;-49.36086273193359375
29528000;0;-49.36086273193359375
29539000;0;-49.36086273193359375
29551000;0;-49.36086273193359375
29563000;0;-49.36086273193359375
29574000;0;-49.36086273193359375
29586000;0;-49.36086273193359375
29598000;0;-49.36086273193359375
29609000;0;-49.36086273193359375
29620000;0;-49.36086273193359375
29632000;0;-49.36086273193359375
29644000;0;-49.36086273193359375
29656000;0;-49.36086273193359375
29667000;0;-49.36086273193359375
29679000;0;-49.36086273193359375
29692000;0;-49.36086273193359375
29704000;0;-49.36086273193359375
29716000;0;-49.36086273193359375
29728000;0;-49.36086273193359375
29740000;0;-49.36086273193359375
29752000;0;-49.36086273193359375
29763000;0;-49.36086273193359375
29774000;0;-49.36086273193359375
29786000;0;-49.36086273193359375
29798000;0;-49.36086273193359375
29809000;0;-49.36086273193359375
29821000;0;-49.36086273193359375
29833000;0;-49.36086273193359375
29845000;0;-49.36086273193359375
29857000;0;-49.36086273193359375
29868000;0;-49.36086273193359375
29880000;0;-49.36086273193359375
29892000;0;-49.36086273193359375
29903000;0;-49.36086273193359375
29914000;0;-49.36086273193359375
29926000;0;-49.36086273193359375
29937000;0;-49.36086273193359375
29948000;0;-49.36086273193359375
29960000;0;-49.36086273193359375
29971000;0;-49.36086273193359375
29983000;0;-49.36086273193359375
29996000;0;-49.36086273193359375
30007000;0;-49.36086273193359375
30019000;0;-49.36086273193359375
30031000;0;-49.36086273193359375
30042000;0;-49.36086273193359375
30055000;0;-49.36086273193359375
30067000;0;-49.36086273193359375
30078000;0;-49.36086273193359375
30090000;0;-49.36086273193359375
30102000;0;-49.36086273193359375
30112000;0;-49.36086273193359375
30125000;0;-49.36086273193359375
30137000;0;-49.36086273193359375
30148000;0;-49.36086273193359375
30159000;0;-49.36086273193359375
30171000;0;-49.36086273193359375
30183000;0;-49.36086273193359375
30194000;0;-49.36086273193359375
30207000;0;-49.36086273193359375
30219000;0;-49.36086273193359375
30230000;0;-49.36086273193359375
30243000;0;-49.36086273193359375
30254000;0;-49.36086273193359375
30265000;0;-49.36086273193359375
30277000;0;-49.36086273193359375
30289000;0;-49.36086273193359375
30300000;0;-49.36086273193359375
30311000;0;-49.36086273193359375
30322000;0;-49.36086273193359375
30334000;0;-49.36086273193359375
30346000;0;-49.36086273193359375
30358000;0;-49.36086273193359375
30370000;0;-49.36086273193359375
30382000;0;-49.36086273193359375
30394000;0;-49.36086273193359375
30405000;0;-49.36086273193359375
30417000;0;-49.36086273193359375
30428000;0;-49.36086273193359375
30440000;0;-49.36086273193359375
30451000;0;-49.36086273193359375
30463000;0;-49.36086273193359375
30474000;0;-49.36086273193359375
30486000;0;-49.36086273193359375
30497000;0;-49.36086273193359375
30509000;0;-49.36086273193359375
30520000;0;-49.36086273193359375
30532000;0;-49.36086273193359375
30544000;0;-49.36086273193359375
30555000;0;-49.36086273193359375
30567000;0;-49.36086273193359375
30579000;0;-49.36086273193359375
30590000;0;-49.36086273193359375
30602000;0;-49.36086273193359375
30614000;0;-49.36086273193359375
30625000;0;-49.36086273193359375
30637000;0;-49.36086273193359375
30648000;0;-49.36086273193359375
30660000;0;-49.36086273193359375
30672000;0;-49.36086273193359375
30684000;0;-49.36086273193359375
30695000;0;-49.36086273193359375
30708000;0;-49.36086273193359375
30720000;0;-49.36086273193359375
30733000;0;-49.36086273193359375
30745000;0;-49.36086273193359375
30756000;0;-49.36086273193359375
30768000;0;-49.36086273193359375
30779000;0;-49.36086273193359375
30790000;0;-49.36086273193359375
30803000;0;-49.36086273193359375
30814000;0;-49.36086273193359375
30826000;0;-49.36086273193359375
30838000;0;-49.36086273193359375
30850000;0;-49.36086273193359375
30861000;0;-49.36086273193359375
30873000;0;-49.36086273193359375
30884000;0;-49.36086273193359375
30895000;0;-49.36086273193359375
30907000;0;-49.36086273193359375
30918000;0;-49.36086273193359375
30930000;0;-49.36086273193359375
30941000;0;-49.36086273193359375
30953000;0;-49.36086273193359375
30965000;0;-49.36086273193359375
30976000;0;-49.36086273193359375
30987000;0;-49.36086273193359375
30999000;0;-49.36086273193359375
31010000;0;-49.36086273193359375
31022000;0;-49.36086273193359375
31033000;0;-49.36086273193359375
31045000;0;-49.36086273193359375
31057000;0;-49.36086273193359375
31068000;0;-49.36086273193359375
31080000;0;-49.36086273193359375
31091000;0;-49.36086273193359375
31103000;0;-49.36086273193359375
31114000;0;-49.36086273193359375
31125000;0;-49.36086273193359375
31138000;0;-49.36086273193359375
31149000;0;-49.36086273193359375
31160000;0;-49.36086273193359375
31171000;0;-49.36086273193359375
31182000;0;-49.36086273193359375
31195000;0;-49.36086273193359375
31206000;0;-49.36086273193359375
31218000;0;-49.36086273193359375
31231000;0;-49.36086273193359375
31243000;0;-49.36086273193359375
31254000;0;-49.36086273193359375
31265000;0;-49.36086273193359375
31277000;0;-49.36086273193359375
31289000;0;-49.36086273193359375
31300000;0;-49.36086273193359375
31312000;0;-49.36086273193359375
31323000;0;-49.36086273193359375
31335000;0;-49.36086273193359375
31346000;0;-49.36086273193359375
31358000;0;-49.36086273193359375
31369000;0;-49.36086273193359375
31381000;0;-49.36086273193359375
31392000;0;-49.36086273193359375
31403000;0;-49.36086273193359375
31415000;0;-49.36086273193359375
31427000;0;-49.36086273193359375
31438000;0;-49.36086273193359375
31450000;0;-49.36086273193359375
31461000;0;-49.36086273193359375
31472000;0;-49.36086273193359375
31484000;0;-49.36086273193359375
31495000;0;-49.36086273193359375
31507000;0;-49.36086273193359375
31518000;0;-49.36086273193359375
31529000;0;-49.36086273193359375
31541000;0;-49.36086273193359375
31553000;0;-49.36086273193359375
31565000;0;-49.36086273193359375
31577000;0;-49.36086273193359375
31589000;0;-49.36086273193359375
31600000;0;-49.36086273193359375
31612000;0;-49.36086273193359375
31624000;0;-49.36086273193359375
31636000;0;-49.36086273193359375
31649000;0;-49.36086273193359375
31660000;0;-49.36086273193359375
31672000;0;-49.36086273193359375
31684000;0;-49.36086273193359375
31695000;0;-49.36086273193359375
31707000;0;-49.36086273193359375
31719000;0;-49.36086273193359375
31730000;0;-49.36086273193359375
31742000;0;-49.36086273193359375
31753000;0;-49.36086273193359375
31765000;0;-49.36086273193359375
31776000;0;-49.36086273193359375
31788000;0;-49.36086273193359375
31799000;0;-49.36086273193359375
31811000;0;-49.36086273193359375
31822000;0;-49.36086273193359375
31834000;0;-49.36086273193359375
31845000;0;-49.36086273193359375
31857000;0;-49.36086273193359375
31868000;0;-49.36086273193359375
31880000;0;-49.36086273193359375
31892000;0;-49.36086273193359375
31904000;0;-49.36086273193359375
31916000;0;-49.36086273193359375
31928000;0;-49.36086273193359375
31940000;0;-49.36086273193359375
31951000;0;-49.36086273193359375
31962000;0;-49.36086273193359375
31975000;0;-49.36086273193359375
31986000;0;-49.36086273193359375
31998000;0;-49.36086273193359375
32009000;0;-49.36086273193359375
32020000;0;-49.36086273193359375
32032000;0;-49.36086273193359375
32043000;0;-49.36086273193359375
32056000;0;-49.36086273193359375
32068000;0;-49.36086273193359375
32079000;0;-49.36086273193359375
32091000;0;-49.36086273193359375
32103000;0;-49.36086273193359375
32115000;0;-49.36086273193359375
32127000;0;-49.36086273193359375
32138000;0;-49.36086273193359375
32149000;0;-49.36086273193359375
32161000;0;-49.36086273193359375
32172000;0;-49.36086273193359375
32184000;0;-49.36086273193359375
32196000;0;-49.36086273193359375
32207000;0;-49.36086273193359375
32218000;0;-49.36086273193359375
32230000;0;-49.36086273193359375
32242000;0;-49.36086273193359375
32254000;0;-49.36086273193359375
32265000;0;-49.36086273193359375
32277000;0;-49.36086273193359375
32289000;0;-49.36086273193359375
32301000;0;-49.36086273193359375
32313000;0;-49.36086273193359375
32324000;0;-49.36086273193359375
32336000;0;-49.36086273193359375
32347000;0;-49.36086273193359375
32358000;0;-49.36086273193359375
32370000;0;-49.36086273193359375
32382000;0;-49.36086273193359375
32394000;0;-49.36086273193359375
32405000;0;-49.36086273193359375
32417000;0;-49.36086273193359375
32429000;0;-49.36086273193359375
32441000;0;-49.36086273193359375
32452000;0;-49.36086273193359375
32464000;0;-49.36086273193359375
32475000;0;-49.36086273193359375
32487000;0;-49.36086273193359375
32499000;0;-49.36086273193359375
32511000;0;-49.36086273193359375
32524000;0;-49.36086273193359375
32535000;0;-49.36086273193359375
32546000;0;-49.36086273193359375
32559000;0;-49.36086273193359375
32570000;0;-49.36086273193359375
32581000;0;-49.36086273193359375
32592000;0;-49.36086273193359375
32604000;0;-49.36086273193359375
32615000;0;-49.36086273193359375
32627000;0;-49.36086273193359375
32639000;0;-49.36086273193359375
32651000;0;-49.36086273193359375
32662000;0;-49.36086273193359375
32674000;0;-49.36086273193359375
32686000;0;-49.36086273193359375
32698000;0;-49.36086273193359375
32709000;0;-49.36086273193359375
32721000;0;-49.36086273193359375
32734000;0;-49.36086273193359375
32746000;0;-49.36086273193359375
32758000;0;-49.36086273193359375
32770000;0;-49.36086273193359375
32781000;0;-49.36086273193359375
32793000;0;-49.36086273193359375
32805000;0;-49.36086273193359375
32817000;0;-49.36086273193359375
32829000;0;-49.36086273193359375
32840000;0;-49.36086273193359375
32851000;0;-49.36086273193359375
32863000;0;-49.36086273193359375
32875000;0;-49.36086273193359375
32887000;0;-49.36086273193359375
32899000;0;-49.36086273193359375
32911000;0;-49.36086273193359375
32923000;0;-49.36086273193359375
32934000;0;-49.36086273193359375
32946000;0;-49.36086273193359375
32958000;0;-49.36086273193359375
32969000;0;-49.36086273193359375
32980000;0;-49.36086273193359375
32992000;0;-49.36086273193359375
33004000;0;-49.36086273193359375
33015000;0;-49.36086273193359375
33028000;0;-49.36086273193359375
33040000;0;-49.36086273193359375
33051000;0;-49.36086273193359375
33064000;0;-49.36086273193359375
33075000;0;-49.36086273193359375
33086000;0;-49.36086273193359375
33098000;0;-49.36086273193359375
33110000;0;-49.36086273193359375
33121000;0;-49.36086273193359375
33132000;0;-49.36086273193359375
33144000;0;-49.36086273193359375
33156000;0;-49.36086273193359375
33169000;0;-49.36086273193359375
33181000;0;-49.36086273193359375
33192000;0;-49.36086273193359375
33204000;0;-49.36086273193359375
33216000;0;-49.36086273193359375
33227000;0;-49.36086273193359375
33239000;0;-49.36086273193359375
33250000;0;-49.36086273193359375
33262000;0;-49.36086273193359375
33274000;0;-49.36086273193359375
33285000;0;-49.36086273193359375
33297000;0;-49.36086273193359375
33308000;0;-49.36086273193359375
33320000;0;-49.36086273193359375
33331000;0;-49.36086273193359375
33344000;0;-49.36086273193359375
33355000;0;-49.36086273193359375
33366000;0;-49.36086273193359375
33378000;0;-49.36086273193359375
33390000;0;-49.36086273193359375
33401000;0;-49.36086273193359375
33413000;0;-49.36086273193359375
33424000;0;-49.36086273193359375
33435000;0;-49.36086273193359375
33447000;0;-49.36086273193359375
33458000;0;-49.36086273193359375
33470000;0;-49.36086273193359375
33482000;0;-49.36086273193359375
33493000;0;-49.36086273193359375
33505000;0;-49.36086273193359375
33517000;0;-49.36086273193359375
33530000;0;-49.36086273193359375
33542000;0;-49.36086273193359375
33554000;0;-49.36086273193359375
33566000;0;-49.36086273193359375
33577000;0;-49.36086273193359375
33589000;0;-49.36086273193359375
33600000;0;-49.36086273193359375
33612000;0;-49.36086273193359375
33624000;0;-49.36086273193359375
33635000;0;-49.36086273193359375
33646000;0;-49.36086273193359375
33658000;0;-49.36086273193359375
33669000;0;-49.36086273193359375
33680000;0;-49.36086273193359375
33692000;0;-49.36086273193359375
33704000;0;-49.36086273193359375
33715000;0;-49.36086273193359375
33727000;0;-49.36086273193359375
33739000;0;-49.36086273193359375
33752000;0;-49.36086273193359375
33764000;0;-49.36086273193359375
33775000;0;-49.36086273193359375
33787000;0;-49.36086273193359375
33799000;0;-49.36086273193359375
33810000;0;-49.36086273193359375
33822000;0;-49.36086273193359375
33834000;0;-49.36086273193359375
33846000;0;-49.36086273193359375
33858000;0;-49.36086273193359375
33870000;0;-49.36086273193359375
33882000;0;-49.36086273193359375
33894000;0;-49.36086273193359375
33905000;0;-49.36086273193359375
33918000;0;-49.36086273193359375
33929000;0;-49.36086273193359375
33941000;0;-49.36086273193359375
33952000;0;-49.36086273193359375
33964000;0;-49.36086273193359375
33975000;0;-49.36086273193359375
33987000;0;-49.36086273193359375
33999000;0;-49.36086273193359375
34010000;0;-49.36086273193359375
34022000;0;-49.36086273193359375
34034000;0;-49.36086273193359375
34045000;0;-49.36086273193359375
34057000;0;-49.36086273193359375
34068000;0;-49.36086273193359375
34079000;0;-49.36086273193359375
34090000;0;-49.36086273193359375
34102000;0;-49.36086273193359375
34114000;0;-49.36086273193359375
34125000;0;-49.36086273193359375
34137000;0;-49.36086273193359375
34148000;0;-49.36086273193359375
34159000;0;-49.36086273193359375
34171000;0;-49.36086273193359375
34182000;0;-49.36086273193359375
34194000;0;-49.36086273193359375
34206000;0;-49.36086273193359375
34218000;0;-49.36086273193359375
34229000;0;-49.36086273193359375
34241000;0;-49.36086273193359375
34252000;0;-49.36086273193359375
34264000;0;-49.36086273193359375
34276000;0;-49.36086273193359375
34287000;0;-49.36086273193359375
34298000;0;-49.36086273193359375
34311000;0;-49.36086273193359375
34323000;0;-49.36086273193359375
34334000;0;-49.36086273193359375
34346000;0;-49.36086273193359375
34358000;0;-49.36086273193359375
34369000;0;-49.36086273193359375
34381000;0;-49.36086273193359375
34392000;0;-49.36086273193359375
34404000;0;-49.36086273193359375
34416000;0;-49.36086273193359375
34427000;0;-49.36086273193359375
34438000;0;-49.36086273193359375
34450000;0;-49.36086273193359375
34462000;0;-49.36086273193359375
34472000;0;-49.36086273193359375
34484000;0;-49.36086273193359375
34496000;0;-49.36086273193359375
34508000;0;-49.36086273193359375
34519000;0;-49.36086273193359375
34532000;0;-49.36086273193359375
34543000;0;-49.36086273193359375
34555000;0;-49.36086273193359375
34567000;0;-49.36086273193359375
34578000;0;-49.36086273193359375
34590000;0;-49.36086273193359375
34601000;0;-49.36086273193359375
34613000;0;-49.36086273193359375
