Time;gimbal_controller.pitch_angle_pid.Measure;gimbal_controller.pitch_angle_pid.Ref
0;0;0
12000;0;0
24000;0;0
35000;0;0
47000;0;0
57000;0;0
69000;0;0
80000;0;0
92000;0;0
104000;0;0
116000;0;0
128000;0;0
140000;0;0
152000;0;0
164000;0;0
176000;0;0
187000;0;0
198000;0;0
209000;0;0
221000;0;0
232000;0;0
243000;0;0
255000;0;0
266000;0;0
278000;0;0
289000;0;0
301000;0;0
313000;0;0
324000;0;0
335000;0;0
347000;0;0
357000;0;0
369000;0;0
380000;0;0
391000;0;0
403000;0;0
415000;0;0
426000;0;0
437000;0;0
449000;0;0
460000;0;0
471000;0;0
484000;0;0
495000;0;0
506000;0;0
518000;0;0
530000;0;0
541000;0;0
552000;0;0
564000;0;0
576000;0;0
589000;0;0
601000;0;0
612000;0;0
624000;0;0
635000;0;0
648000;0;0
660000;0;0
671000;0;0
683000;0;0
694000;0;0
707000;0;0
718000;0;0
730000;0;0
741000;0;0
753000;0;0
764000;0;0
777000;0;0
789000;0;0
801000;0;0
812000;0;0
824000;0;0
835000;0;0
847000;0;0
859000;0;0
871000;0;0
882000;0;0
894000;0;0
905000;0;0
917000;0;0
928000;0;0
940000;0;0
952000;0;0
963000;0;0
974000;0;0
986000;0;0
998000;0;0
1009000;0;0
1020000;0;0
1032000;0;0
1043000;0;0
1054000;0;0
1066000;0;0
1078000;0;0
1089000;0;0
1101000;0;0
1113000;0;0
1125000;0;0
1136000;0;0
1148000;0;0
1160000;0;0
1172000;0;0
1183000;0;0
1195000;0;0
1206000;0;0
1219000;0;0
1230000;0;0
1242000;0;0
1253000;0;0
1265000;0;0
1277000;0;0
1288000;0;0
1300000;0;0
1312000;0;0
1323000;0;0
1335000;0;0
1347000;0;0
1359000;0;0
1371000;0;0
1383000;0;0
1394000;0;0
1407000;0;0
1418000;0;0
1430000;0;0
1441000;0;0
1453000;0;0
1465000;0;0
1476000;0;0
1487000;0;0
1498000;0;0
1509000;0;0
1521000;0;0
1533000;0;0
1544000;0;0
1556000;0;0
1568000;0;0
1579000;0;0
1590000;0;0
1602000;0;0
1614000;0;0
1625000;0;0
1637000;0;0
1649000;0;0
1661000;0;0
1673000;0;0
1684000;0;0
1696000;0;0
1708000;0;0
1719000;0;0
1732000;0;0
1743000;0;0
1754000;0;0
1765000;0;0
1778000;0;0
1789000;0;0
1800000;0;0
1811000;0;0
1823000;0;0
1834000;0;0
1845000;0;0
1857000;0;0
1868000;0;0
1880000;0;0
1892000;0;0
1904000;0;0
1915000;0;0
1926000;0;0
1938000;0;0
1950000;0;0
1962000;0;0
1973000;0;0
1984000;0;0
1996000;0;0
2007000;0;0
2018000;0;0
2030000;0;0
2041000;0;0
2053000;0;0
2064000;0;0
2076000;0;0
2088000;0;0
2100000;0;0
2111000;0;0
2123000;0;0
2134000;0;0
2148000;0;0
2160000;0;0
2172000;0;0
2183000;0;0
2195000;0;0
2207000;0;0
2217000;0;0
2228000;0;0
2240000;0.30400618910789489746;-5
2252000;0.23639005422592163086;-5
2263000;-1.61161041259765625;-5
2274000;-4.7774882316589355469;-5
2286000;-6.5511670112609863281;-5
2298000;-7.034435272216796875;-5
2310000;-6.5900211334228515625;-5
2321000;-5.5665011405944824219;-5
2333000;-4.4977335929870605469;-5
2344000;-4.2859253883361816406;-5
2355000;-4.8062472343444824219;-5
2368000;-5.5011162757873535156;-5
2380000;-5.3135848045349121094;-5
2391000;-4.9557747840881347656;-5
2402000;-4.6731038093566894531;-5
2413000;-4.6787137985229492188;-5
2424000;-4.854827880859375;-5
2436000;-5.0448484420776367188;-5
2448000;-5.2269773483276367188;-5
2459000;-5.14821624755859375;-5
2473000;-4.9267630577087402344;-5
2484000;-4.7664537429809570312;-5
2496000;-4.8339791297912597656;-5
2508000;-5.0526423454284667969;-5
2519000;-5.1644372940063476562;-5
2531000;-5.0920662879943847656;-5
2542000;-4.9717736244201660156;-5
2553000;-4.8183150291442871094;-5
2565000;-4.7825741767883300781;-5
2576000;-4.937191009521484375;-5
2589000;-5.1899018287658691406;-5
2601000;-5.2265391349792480469;-5
2612000;-5.0054554939270019531;-5
2624000;-4.7360863685607910156;-5
2635000;-4.66741943359375;-5
2648000;-4.9265513420104980469;-5
2661000;-5.2552723884582519531;-5
2673000;-5.3172011375427246094;-5
2685000;-5.0651178359985351562;-5
2697000;-4.7576627731323242188;-5
2709000;-4.6396551132202148438;-5
2720000;-4.7933664321899414062;-5
2731000;-5.0803980827331542969;-5
2743000;-5.2834081649780273438;-5
2755000;-5.1888942718505859375;-5
2766000;-4.9611845016479492188;-5
2778000;-4.7316298484802246094;-5
2791000;-4.7280225753784179688;-5
2803000;-4.9493184089660644531;-5
2814000;-5.2050681114196777344;-5
2826000;-5.2325377464294433594;-5
2838000;-5.0902471542358398438;-5
2849000;-4.8719968795776367188;-5
2860000;-4.7227635383605957031;-5
2873000;-4.8265891075134277344;-5
2885000;-5.0591707229614257812;-5
2897000;-5.2346348762512207031;-5
2908000;-5.1429171562194824219;-5
2920000;-4.944408416748046875;-5
2932000;-4.7854752540588378906;-5
2943000;-4.7685809135437011719;-5
2954000;-4.9473805427551269531;-5
2966000;-5.1261124610900878906;-5
2978000;-5.1954588890075683594;-5
2990000;-5.03253936767578125;-5
3002000;-4.8558220863342285156;-5
3013000;-4.7769947052001953125;-5
3025000;-4.8770084381103515625;-5
3036000;-5.0683789253234863281;-5
3048000;-5.2048749923706054688;-5
3060000;-5.1076202392578125;-5
3071000;-4.9610834121704101562;-5
3083000;-4.8152751922607421875;-5
3095000;-4.8253788948059082031;-5
3107000;-4.9939098358154296875;-5
3119000;-5.1654543876647949219;-5
3130000;-5.15042877197265625;-5
3143000;-5.0015940666198730469;-5
3155000;-4.8590250015258789062;-5
3168000;-4.8301482200622558594;-5
3181000;-5.0139632225036621094;-5
3194000;-5.1698818206787109375;-5
3205000;-5.1501746177673339844;-5
3217000;-5.0042204856872558594;-5
3229000;-4.8605847358703613281;-5
3241000;-4.8173313140869140625;-5
3252000;-4.9462504386901855469;-5
3264000;-5.1152820587158203125;-5
3276000;-5.1661648750305175781;-5
3288000;-5.0390124320983886719;-5
3299000;-4.9193940162658691406;-5
3311000;-4.8244891166687011719;-5
3322000;-4.8889021873474121094;-5
3334000;-5.0470557212829589844;-5
3346000;-5.158233642578125;-5
3357000;-5.10697174072265625;-5
3369000;-4.9690365791320800781;-5
3381000;-4.8577523231506347656;-5
3392000;-4.8585124015808105469;-5
3404000;-4.9909749031066894531;-5
3415000;-5.1111888885498046875;-5
3427000;-5.1349458694458007812;-5
3438000;-5.0134205818176269531;-5
3450000;-4.8956003189086914062;-5
3461000;-4.8449816703796386719;-5
3472000;-4.9209342002868652344;-5
3485000;-5.065464019775390625;-5
3496000;-5.1479935646057128906;-5
3507000;-5.0775151252746582031;-5
3518000;-4.9527716636657714844;-5
3530000;-4.86310577392578125;-5
3542000;-4.8864603042602539062;-5
3553000;-4.9958934783935546875;-5
3565000;-5.1387934684753417969;-5
3577000;-5.1164827346801757812;-5
3588000;-4.9911255836486816406;-5
3600000;-4.9010729789733886719;-5
3611000;-4.8610792160034179688;-5
3622000;-4.9557361602783203125;-5
3634000;-5.0892510414123535156;-5
3646000;-5.1380662918090820312;-5
3657000;-5.0512585639953613281;-5
3669000;-4.9375882148742675781;-5
3680000;-4.87001800537109375;-5
3693000;-4.9209918975830078125;-5
3705000;-5.0536241531372070312;-5
3718000;-5.1409654617309570312;-5
3730000;-5.0664210319519042969;-5
3742000;-4.9540872573852539062;-5
3753000;-4.8820581436157226562;-5
3765000;-4.9134125709533691406;-5
3777000;-5.0344147682189941406;-5
3789000;-5.1348118782043457031;-5
3800000;-5.0789031982421875;-5
3812000;-4.9669508934020996094;-5
3824000;-4.8973712921142578125;-5
3835000;-4.8991270065307617188;-5
3847000;-4.9993300437927246094;-5
3858000;-5.1116137504577636719;-5
3869000;-5.1192774772644042969;-5
3880000;-5.016780853271484375;-5
3892000;-4.93167877197265625;-5
3904000;-4.902904510498046875;-5
3916000;-4.9720458984375;-5
3927000;-5.06670379638671875;-5
3938000;-5.129840850830078125;-5
3950000;-5.0523343086242675781;-5
3961000;-4.9762754440307617188;-5
3973000;-4.9212613105773925781;-5
3985000;-4.9355831146240234375;-5
3997000;-5.0321068763732910156;-5
4009000;-5.1338725090026855469;-5
4021000;-5.0912342071533203125;-5
4032000;-4.9889268875122070312;-5
4044000;-4.9316258430480957031;-5
4055000;-4.9237351417541503906;-5
4067000;-4.9939775466918945312;-5
4079000;-5.0985121726989746094;-5
4090000;-5.1233372688293457031;-5
4102000;-5.0206460952758789062;-5
4113000;-4.9508776664733886719;-5
4125000;-4.9177350997924804688;-5
4137000;-4.9618916511535644531;-5
4149000;-5.06700897216796875;-5
4161000;-5.140010833740234375;-5
4173000;-5.0608582496643066406;-5
4185000;-4.9683437347412109375;-5
4197000;-4.9241266250610351562;-5
4208000;-4.9500107765197753906;-5
4221000;-5.0552539825439453125;-5
4232000;-5.1483287811279296875;-5
4244000;-5.1027607917785644531;-5
4255000;-4.9969229698181152344;-5
4266000;-4.9324145317077636719;-5
4278000;-4.9324026107788085938;-5
4290000;-5.0213780403137207031;-5
4302000;-5.1293549537658691406;-5
4314000;-5.1150937080383300781;-5
4325000;-5.0276308059692382812;-5
4337000;-4.9525189399719238281;-5
4348000;-4.9312300682067871094;-5
4361000;-4.9882731437683105469;-5
4372000;-5.0961179733276367188;-5
4384000;-5.1379671096801757812;-5
4395000;-5.0388741493225097656;-5
4408000;-4.9595332145690917969;-5
4420000;-4.9343371391296386719;-5
4431000;-4.9639430046081542969;-5
4443000;-5.061672210693359375;-5
4454000;-5.1394562721252441406;-5
4466000;-5.0666227340698242188;-5
4478000;-4.9801840782165527344;-5
4490000;-4.9424266815185546875;-5
4502000;-4.9564709663391113281;-5
4513000;-5.0309090614318847656;-5
4524000;-5.1207680702209472656;-5
4537000;-5.0904669761657714844;-5
4549000;-5.0016026496887207031;-5
4560000;-4.9603290557861328125;-5
4571000;-4.9656949043273925781;-5
4583000;-5.0145697593688964844;-5
4594000;-5.0885415077209472656;-5
4607000;-5.0839300155639648438;-5
4619000;-5.0354428291320800781;-5
4631000;-5.0029077529907226562;-5
4643000;-5.0055522918701171875;-5
4655000;-5.0368428230285644531;-5
4666000;-5.057674407958984375;-5
4678000;-5.0497708320617675781;-5
4689000;-5.0290246009826660156;-5
4701000;-5.0216507911682128906;-5
4713000;-5.0322566032409667969;-5
4725000;-5.0474605560302734375;-5
4738000;-5.0449914932250976562;-5
4749000;-5.0344991683959960938;-5
4760000;-5.0296697616577148438;-5
4772000;-5.036685943603515625;-5
4783000;-5.0455155372619628906;-5
4795000;-5.0483078956604003906;-5
4806000;-5.0387873649597167969;-5
4818000;-5.0340013504028320312;-5
4829000;-5.0390043258666992188;-5
4841000;-5.0500235557556152344;-5
4852000;-5.0527329444885253906;-5
4864000;-5.0438022613525390625;-5
4875000;-5.03656768798828125;-5
4887000;-5.0421938896179199219;-5
4899000;-5.0498809814453125;-5
4911000;-5.0522665977478027344;-5
4922000;-5.0454316139221191406;-5
4933000;-5.040828704833984375;-5
4944000;-5.0421133041381835938;-5
4955000;-5.0474095344543457031;-5
4968000;-5.0532803535461425781;-5
4980000;-5.0490512847900390625;-5
4992000;-5.0433187484741210938;-5
5004000;-5.0447382926940917969;-5
5015000;-5.0490393638610839844;-5
5026000;-5.0552816390991210938;-5
5038000;-5.0507168769836425781;-5
5050000;-5.0485334396362304688;-5
5061000;-5.0485358238220214844;-5
5072000;-5.051807403564453125;-5
5085000;-5.0552964210510253906;-5
5096000;-5.0554537773132324219;-5
5107000;-5.0524873733520507812;-5
5118000;-5.0515308380126953125;-5
5129000;-5.0558137893676757812;-5
5140000;-5.0601434707641601562;-5
5152000;-5.0592999458312988281;-5
5164000;-5.0558729171752929688;-5
5175000;-5.0532064437866210938;-5
5188000;-5.0554141998291015625;-5
5200000;-5.0571956634521484375;-5
5213000;-5.05743408203125;-5
5225000;-5.0540456771850585938;-5
5236000;-5.0553836822509765625;-5
5248000;-4.84732818603515625;5
5260000;-2.7994935512542724609;5
5272000;0.61594170331954956055;5
5283000;3.4661741256713867188;5
5295000;5.4390745162963867188;5
5307000;5.9438314437866210938;5
5318000;5.5866799354553222656;5
5330000;4.7618761062622070312;5
5341000;4.3611593246459960938;5
5352000;4.6273632049560546875;5
5364000;4.9481921195983886719;5
5375000;5.0956397056579589844;5
5387000;5.2040472030639648438;5
5398000;5.2230625152587890625;5
5410000;5.072139739990234375;5
5421000;4.9001836776733398438;5
5433000;4.8886675834655761719;5
5444000;4.9452924728393554688;5
5455000;5.0362043380737304688;5
5467000;5.1226472854614257812;5
5479000;5.1264233589172363281;5
5490000;4.9780931472778320312;5
5502000;4.8656263351440429688;5
5513000;4.8862905502319335938;5
5525000;5.0553383827209472656;5
5537000;5.1604199409484863281;5
5548000;5.0930871963500976562;5
5560000;4.9497098922729492188;5
5572000;4.90398406982421875;5
5584000;4.9692378044128417969;5
5595000;5.0876817703247070312;5
5608000;5.1244869232177734375;5
5620000;5.0287761688232421875;5
5632000;4.9425902366638183594;5
5643000;4.9396786689758300781;5
5655000;5.0007987022399902344;5
5667000;5.0557484626770019531;5
5679000;5.0534195899963378906;5
5690000;5.0178666114807128906;5
5703000;4.9852614402770996094;5
5714000;4.9878869056701660156;5
5726000;5.0170679092407226562;5
5738000;5.0326786041259765625;5
5750000;5.0271267890930175781;5
5762000;5.0053129196166992188;5
5774000;4.9928789138793945312;5
5787000;5.0011811256408691406;5
5798000;5.017887115478515625;5
5809000;5.0241136550903320312;5
5822000;5.0128107070922851562;5
5834000;4.9970722198486328125;5
5845000;4.9962549209594726562;5
5857000;5.0063328742980957031;5
5870000;5.016223907470703125;5
5881000;5.0119328498840332031;5
5892000;5.000782012939453125;5
5903000;4.9983539581298828125;5
5914000;5.0017452239990234375;5
5926000;5.0083160400390625;5
5937000;5.0081400871276855469;5
5948000;5.0034317970275878906;5
5960000;4.9998164176940917969;5
5971000;4.9996781349182128906;5
5983000;5.0053353309631347656;5
5994000;5.0091619491577148438;5
6006000;5.0056262016296386719;5
6016000;5.0007190704345703125;5
6028000;4.9992046356201171875;5
6040000;5.0022692680358886719;5
6051000;5.0057840347290039062;5
6064000;5.0032129287719726562;5
6076000;4.9984178543090820312;5
6087000;4.9955954551696777344;5
6098000;4.9966197013854980469;5
6109000;5.0002679824829101562;5
6121000;5.0027151107788085938;5
6132000;5.0008602142333984375;5
6144000;4.99798583984375;5
6156000;4.9977464675903320312;5
6168000;5.0021276473999023438;5
6180000;5.002349853515625;5
6191000;5.0003881454467773438;5
6202000;4.9966058731079101562;5
6214000;4.9961876869201660156;5
6225000;4.997203826904296875;5
6238000;4.9979295730590820312;5
6249000;4.9970154762268066406;5
6260000;4.9957003593444824219;5
6272000;4.9940619468688964844;5
6284000;4.9964418411254882812;5
6294000;4.9975237846374511719;5
6306000;4.9966278076171875;5
6317000;4.9950861930847167969;5
6329000;4.9917302131652832031;5
6340000;4.9933934211730957031;5
6351000;4.9936814308166503906;5
6363000;4.9930315017700195312;5
6374000;4.9914107322692871094;5
6386000;4.9897851943969726562;5
6397000;4.9901380538940429688;5
6409000;4.9915599822998046875;5
6421000;4.9922380447387695312;5
6432000;4.9924569129943847656;5
6444000;4.9892172813415527344;5
6455000;4.9887585639953613281;5
6466000;4.9898672103881835938;5
6478000;4.9896035194396972656;5
6490000;4.9902377128601074219;5
6502000;4.9891667366027832031;5
6514000;4.9881658554077148438;5
6525000;4.9914135932922363281;5
6536000;4.9914503097534179688;5
6548000;4.9888100624084472656;5
6559000;4.9882225990295410156;5
6571000;4.9879431724548339844;5
6582000;4.9901862144470214844;5
6594000;4.9902510643005371094;5
6606000;4.9902024269104003906;5
6618000;4.9880795478820800781;5
6630000;4.9875211715698242188;5
6641000;4.9881772994995117188;5
6652000;4.9884629249572753906;5
6663000;4.9873871803283691406;5
6674000;4.9871764183044433594;5
6686000;4.9851255416870117188;5
6698000;4.9861164093017578125;5
6710000;4.9872574806213378906;5
6721000;4.9863901138305664062;5
6732000;4.9852247238159179688;5
6744000;4.9852242469787597656;5
6757000;4.9862837791442871094;5
6768000;4.9865770339965820312;5
6780000;4.9850096702575683594;5
6794000;4.9865250587463378906;5
6805000;4.9882292747497558594;5
6817000;4.98834991455078125;5
6828000;4.9868946075439453125;5
6839000;4.988559722900390625;5
6850000;4.9890456199645996094;5
6862000;4.9861054420471191406;5
6874000;4.9899396896362304688;5
6885000;4.9884629249572753906;5
6897000;4.9872102737426757812;5
6909000;4.9893021583557128906;5
6920000;4.9876699447631835938;5
6931000;4.98712921142578125;5
6943000;4.9890804290771484375;5
6955000;4.9887194633483886719;5
6968000;4.987865447998046875;5
6979000;4.9889211654663085938;5
6991000;4.9882321357727050781;5
7002000;4.98828125;5
7013000;4.9865956306457519531;5
7025000;4.9884009361267089844;5
7036000;4.986553192138671875;5
7049000;4.9849910736083984375;5
7061000;4.9854731559753417969;5
7072000;4.9850621223449707031;5
7084000;4.985683441162109375;5
7095000;4.9865574836730957031;5
7107000;4.9866666793823242188;5
7118000;4.9874739646911621094;5
7130000;4.9881319999694824219;5
7142000;4.9865469932556152344;5
7153000;4.9868206977844238281;5
7165000;4.9872875213623046875;5
7177000;4.9884195327758789062;5
7188000;4.9896206855773925781;5
7200000;4.9879369735717773438;5
7211000;4.9894609451293945312;5
7223000;4.9886174201965332031;5
7234000;4.9903388023376464844;5
7246000;4.9890055656433105469;5
7259000;4.9873919486999511719;5
7271000;4.9888830184936523438;5
7283000;4.9885354042053222656;5
7295000;4.9879679679870605469;5
7307000;4.9882321357727050781;5
7319000;4.9896287918090820312;5
7330000;4.9881696701049804688;5
7342000;4.9882054328918457031;5
7353000;4.9896421432495117188;5
7365000;4.9892673492431640625;5
7378000;4.9893474578857421875;5
7389000;4.9883656501770019531;5
7401000;4.9881916046142578125;5
7413000;4.988887786865234375;5
7425000;4.9891362190246582031;5
7436000;4.9888625144958496094;5
7448000;4.9910154342651367188;5
7461000;4.9902505874633789062;5
7473000;4.9895648956298828125;5
7485000;4.98907470703125;5
7496000;4.9900693893432617188;5
7508000;4.9904890060424804688;5
7519000;4.9894361495971679688;5
7530000;4.9906282424926757812;5
7542000;4.9909377098083496094;5
7554000;4.98907470703125;5
7566000;4.9899072647094726562;5
7577000;4.9885554313659667969;5
7589000;4.9892759323120117188;5
7601000;4.9888477325439453125;5
7612000;4.9882173538208007812;5
7623000;4.9875969886779785156;5
7635000;4.9893631935119628906;5
7648000;4.9892978668212890625;5
7660000;4.9908118247985839844;5
7671000;4.989704132080078125;5
7682000;4.9900035858154296875;5
7694000;4.9910006523132324219;5
7705000;4.9897603988647460938;5
7717000;4.9892148971557617188;5
7729000;4.9904789924621582031;5
7740000;4.990322113037109375;-5
7752000;4.7792296409606933594;-5
7764000;2.5707097053527832031;-5
7775000;-0.33248502016067504883;-5
7788000;-4.0381517410278320312;-5
7799000;-5.4148159027099609375;-5
7810000;-5.9652333259582519531;-5
7822000;-5.50693511962890625;-5
7834000;-4.6438307762145996094;-5
7845000;-4.1489953994750976562;-5
7856000;-4.5234951972961425781;-5
7868000;-5.2669320106506347656;-5
7879000;-5.4244179725646972656;-5
7891000;-5.0315036773681640625;-5
7903000;-4.7123737335205078125;-5
7914000;-4.6721386909484863281;-5
7926000;-4.8084187507629394531;-5
7936000;-4.9389486312866210938;-5
7948000;-5.1137752532958984375;-5
7959000;-5.1755695343017578125;-5
7970000;-4.9939990043640136719;-5
7981000;-4.8171682357788085938;-5
7993000;-4.752422332763671875;-5
8006000;-4.9487743377685546875;-5
8017000;-5.0869326591491699219;-5
8028000;-5.0821170806884765625;-5
8039000;-5.0003571510314941406;-5
8051000;-4.8838148117065429688;-5
8063000;-4.7926111221313476562;-5
8074000;-4.8441791534423828125;-5
8085000;-4.9784593582153320312;-5
8096000;-5.1107373237609863281;-5
8108000;-5.0599055290222167969;-5
8120000;-4.8862333297729492188;-5
8132000;-4.7800393104553222656;-5
8143000;-4.834560394287109375;-5
8154000;-4.98529815673828125;-5
8165000;-5.0983185768127441406;-5
8176000;-5.0981621742248535156;-5
8187000;-4.9525675773620605469;-5
8199000;-4.8143286705017089844;-5
8210000;-4.8233599662780761719;-5
8221000;-4.9538288116455078125;-5
8233000;-5.0888800621032714844;-5
8245000;-5.0674428939819335938;-5
8257000;-4.9476060867309570312;-5
8269000;-4.8561124801635742188;-5
8281000;-4.870624542236328125;-5
8293000;-4.9740352630615234375;-5
8304000;-5.0589785575866699219;-5
8316000;-5.0502872467041015625;-5
8328000;-4.9504818916320800781;-5
8339000;-4.9032320976257324219;-5
8350000;-4.8887224197387695312;-5
8363000;-4.9536175727844238281;-5
8375000;-5.042041778564453125;-5
8386000;-5.0656633377075195312;-5
8399000;-4.9820613861083984375;-5
8410000;-4.917110443115234375;-5
8422000;-4.8988270759582519531;-5
8434000;-4.9513192176818847656;-5
8445000;-5.0242090225219726562;-5
8457000;-5.0762338638305664062;-5
8469000;-5.0104594230651855469;-5
8481000;-4.9351811408996582031;-5
8492000;-4.90641021728515625;-5
8503000;-4.9224057197570800781;-5
8514000;-4.9985852241516113281;-5
8525000;-5.0662112236022949219;-5
8537000;-5.0566272735595703125;-5
8549000;-4.9743285179138183594;-5
8560000;-4.9228148460388183594;-5
8572000;-4.9140868186950683594;-5
8584000;-4.9639844894409179688;-5
8596000;-5.0451788902282714844;-5
8608000;-5.075855255126953125;-5
8619000;-5.0081057548522949219;-5
8631000;-4.9369869232177734375;-5
8642000;-4.9116959571838378906;-5
8655000;-4.9419131278991699219;-5
8667000;-5.0227665901184082031;-5
8679000;-5.0778293609619140625;-5
8691000;-5.0214724540710449219;-5
8703000;-4.9470467567443847656;-5
8714000;-4.9157395362854003906;-5
8726000;-4.9317560195922851562;-5
8737000;-4.9925217628479003906;-5
8749000;-5.0662875175476074219;-5
8761000;-5.0575428009033203125;-5
8773000;-4.9658350944519042969;-5
8785000;-4.9271240234375;-5
8796000;-4.9232277870178222656;-5
8808000;-4.9748687744140625;-5
8820000;-5.0517597198486328125;-5
8831000;-5.0834155082702636719;-5
8842000;-5.0069165229797363281;-5
8855000;-4.9410529136657714844;-5
8866000;-4.923465728759765625;-5
8878000;-4.9560251235961914062;-5
8891000;-5.0301537513732910156;-5
8903000;-5.0848865509033203125;-5
8914000;-5.0249600410461425781;-5
8925000;-4.9546442031860351562;-5
8937000;-4.9326958656311035156;-5
8948000;-4.9439487457275390625;-5
8959000;-4.9895243644714355469;-5
8971000;-5.0580081939697265625;-5
8983000;-5.0650458335876464844;-5
8995000;-4.9927091598510742188;-5
9007000;-4.9498462677001953125;-5
9018000;-4.9497079849243164062;-5
9030000;-4.9865407943725585938;-5
9042000;-5.0478754043579101562;-5
9053000;-5.0562853813171386719;-5
9064000;-5.0095305442810058594;-5
9076000;-4.9761490821838378906;-5
9088000;-4.9732356071472167969;-5
9100000;-4.9914345741271972656;-5
9112000;-5.0146389007568359375;-5
9124000;-5.0148768424987792969;-5
9135000;-5.0003046989440917969;-5
9146000;-4.9907054901123046875;-5
9158000;-4.9954466819763183594;-5
9170000;-5.0035281181335449219;-5
9181000;-5.0097508430480957031;-5
9193000;-5.0087790489196777344;-5
9205000;-5.0001926422119140625;-5
9217000;-4.999561309814453125;-5
9227000;-5.0044665336608886719;-5
9239000;-5.0102820396423339844;-5
9250000;-5.0076274871826171875;-5
9262000;-5.0013928413391113281;-5
9274000;-5.003787994384765625;-5
9286000;-5.0091509819030761719;-5
9299000;-5.0106525421142578125;-5
9311000;-5.006885528564453125;-5
9323000;-5.0034203529357910156;-5
9334000;-5.0052657127380371094;-5
9345000;-5.0097146034240722656;-5
9358000;-5.0100731849670410156;-5
9369000;-5.0079851150512695312;-5
9381000;-5.0065288543701171875;-5
9392000;-5.0083589553833007812;-5
9404000;-5.0132651329040527344;-5
9415000;-5.0147905349731445312;-5
9428000;-5.01461029052734375;-5
9440000;-5.0130290985107421875;-5
9452000;-5.0143237113952636719;-5
9464000;-5.0167603492736816406;-5
9475000;-5.0211796760559082031;-5
9486000;-5.0176262855529785156;-5
9497000;-5.0159091949462890625;-5
9509000;-5.01630401611328125;-5
9520000;-5.0188364982604980469;-5
9533000;-5.0199079513549804688;-5
9546000;-5.0202145576477050781;-5
9558000;-5.0178675651550292969;-5
9570000;-5.0176548957824707031;-5
9581000;-5.0189919471740722656;-5
9593000;-5.0221381187438964844;-5
9605000;-5.018726348876953125;-5
9616000;-5.0192317962646484375;-5
9628000;-5.0157799720764160156;-5
9639000;-5.0194964408874511719;-5
9651000;-5.0200695991516113281;-5
9662000;-5.0172076225280761719;-5
9674000;-5.0143046379089355469;-5
9685000;-5.0170273780822753906;-5
9697000;-5.0181212425231933594;-5
9708000;-5.0169401168823242188;-5
9721000;-5.0169634819030761719;-5
9732000;-5.0165729522705078125;-5
9744000;-5.0187215805053710938;-5
9756000;-5.0193967819213867188;-5
9768000;-5.0218615531921386719;-5
9779000;-5.0195913314819335938;-5
9791000;-5.0192751884460449219;-5
9803000;-5.0184292793273925781;-5
9814000;-5.0201525688171386719;-5
9826000;-5.02112579345703125;-5
9837000;-5.021038055419921875;-5
9849000;-5.0206818580627441406;-5
9861000;-5.0217919349670410156;-5
9873000;-5.0228724479675292969;-5
9885000;-5.019565582275390625;-5
9897000;-5.0180463790893554688;-5
9909000;-5.0183825492858886719;-5
9920000;-5.0184359550476074219;-5
9931000;-5.02123260498046875;-5
9943000;-5.022632598876953125;-5
9955000;-5.0220398902893066406;-5
9966000;-5.0198016166687011719;-5
9977000;-5.0232224464416503906;-5
9989000;-5.0232462882995605469;-5
10001000;-5.0244278907775878906;-5
10013000;-5.023677825927734375;-5
10023000;-5.0246286392211914062;-5
10035000;-5.0242867469787597656;-5
10047000;-5.026683807373046875;-5
10058000;-5.0279788970947265625;-5
10070000;-5.0294594764709472656;-5
10082000;-5.0308542251586914062;-5
10093000;-5.0308194160461425781;-5
10105000;-5.0327877998352050781;-5
10116000;-5.0312757492065429688;-5
10128000;-5.03066253662109375;-5
10139000;-5.0277490615844726562;-5
10151000;-5.0318369865417480469;-5
10163000;-5.0326495170593261719;-5
10174000;-5.0329866409301757812;-5
10185000;-5.0327410697937011719;-5
10197000;-5.0296802520751953125;-5
10208000;-5.0303287506103515625;-5
10220000;-5.0302157402038574219;-5
10232000;-5.0338368415832519531;-5
10244000;-5.028858184814453125;5
10255000;-4.3115324974060058594;5
10268000;-1.1565613746643066406;5
10279000;1.8495550155639648438;5
10291000;4.7282962799072265625;5
10302000;5.8413534164428710938;5
10314000;5.8452396392822265625;5
10325000;5.194061279296875;5
10337000;4.5388317108154296875;5
10349000;4.4334630966186523438;5
10362000;4.8505086898803710938;5
10374000;5.06481170654296875;5
10385000;5.1643280982971191406;5
10397000;5.2170286178588867188;5
10409000;5.1350932121276855469;5
10421000;4.9243154525756835938;5
10432000;4.88016510009765625;5
10445000;4.9302344322204589844;5
10456000;5.0248565673828125;5
10468000;5.0973849296569824219;5
10480000;5.1073961257934570312;5
10492000;4.9686021804809570312;5
10505000;4.8518128395080566406;5
10517000;4.8853816986083984375;5
10528000;5.0379242897033691406;5
10541000;5.118927001953125;5
10552000;5.0488557815551757812;5
10563000;4.9355607032775878906;5
10575000;4.8737554550170898438;5
10587000;4.939807891845703125;5
10599000;5.0492615699768066406;5
10610000;5.0821022987365722656;5
10621000;5.0050039291381835938;5
10633000;4.9322328567504882812;5
10645000;4.9283447265625;5
10657000;4.9718227386474609375;5
10668000;5.0140643119812011719;5
10680000;5.0095729827880859375;5
10692000;4.9818010330200195312;5
10704000;4.9660763740539550781;5
10715000;4.970088958740234375;5
10728000;4.9817142486572265625;5
10740000;4.989025115966796875;5
10753000;4.990192413330078125;5
10764000;4.9790673255920410156;5
10776000;4.9651188850402832031;5
10788000;4.9674029350280761719;5
10800000;4.9809660911560058594;5
10811000;4.9886341094970703125;5
10823000;4.9828295707702636719;5
10835000;4.9678997993469238281;5
10846000;4.9623470306396484375;5
10858000;4.9715366363525390625;5
10869000;4.9801220893859863281;5
10880000;4.9793643951416015625;5
10892000;4.974338531494140625;5
10903000;4.9707036018371582031;5
10914000;4.96968841552734375;5
10927000;4.9749584197998046875;5
10940000;4.9777073860168457031;5
10951000;4.97565460205078125;5
10963000;4.9697513580322265625;5
10974000;4.9684200286865234375;5
10985000;4.972442626953125;5
10997000;4.9753069877624511719;5
11008000;4.9745192527770996094;5
11020000;4.9713864326477050781;5
11031000;4.9714460372924804688;5
11043000;4.9721493721008300781;5
11055000;4.9725475311279296875;5
11067000;4.9744877815246582031;5
11078000;4.9740419387817382812;5
11090000;4.9696826934814453125;5
11101000;4.9718766212463378906;5
11114000;4.9742259979248046875;5
11125000;4.9761495590209960938;5
11138000;4.973957061767578125;5
11150000;4.9725642204284667969;5
11162000;4.9734969139099121094;5
11173000;4.9755339622497558594;5
11185000;4.9767246246337890625;5
11196000;4.9755764007568359375;5
11208000;4.9746575355529785156;5
11220000;4.9740009307861328125;5
11232000;4.9753222465515136719;5
11243000;4.9766507148742675781;5
11255000;4.9749889373779296875;5
11267000;4.9735746383666992188;5
11278000;4.9705400466918945312;5
11290000;4.9704194068908691406;5
11301000;4.9706287384033203125;5
11313000;4.9671301841735839844;5
11324000;4.9673662185668945312;5
11335000;4.9664502143859863281;5
11348000;4.9678735733032226562;5
11359000;4.9681005477905273438;5
11371000;4.9682135581970214844;5
11382000;4.9642033576965332031;5
11394000;4.963817596435546875;5
11407000;4.9643530845642089844;5
11418000;4.9652991294860839844;5
11431000;4.9664521217346191406;5
11443000;4.9649829864501953125;5
11456000;4.9630570411682128906;5
11468000;4.9625797271728515625;5
11479000;4.9625725746154785156;5
11491000;4.9651417732238769531;5
11503000;4.9624729156494140625;5
11514000;4.9598817825317382812;5
11527000;4.9596576690673828125;5
11538000;4.95989990234375;5
11550000;4.9619679450988769531;5
11562000;4.9611344337463378906;5
11574000;4.9588952064514160156;5
11586000;4.959217071533203125;5
11598000;4.958271026611328125;5
11610000;4.9575419425964355469;5
11622000;4.9572863578796386719;5
11634000;4.9555206298828125;5
11646000;4.9564309120178222656;5
11658000;4.955204010009765625;5
11671000;4.9582347869873046875;5
11683000;4.9582538604736328125;5
11694000;4.9576878547668457031;5
11706000;4.9590597152709960938;5
11716000;4.9577226638793945312;5
11728000;4.95777130126953125;5
11740000;4.9592957496643066406;5
11752000;4.9575910568237304688;5
11763000;4.9583530426025390625;5
11775000;4.9601826667785644531;5
11786000;4.9597821235656738281;5
11798000;4.9594964981079101562;5
11810000;4.9590649604797363281;5
11821000;4.9590501785278320312;5
11832000;4.9595499038696289062;5
11844000;4.9598917961120605469;5
11856000;4.9602522850036621094;5
11868000;4.9589886665344238281;5
11880000;4.9596571922302246094;5
11892000;4.9615926742553710938;5
11904000;4.9625830650329589844;5
11915000;4.9631900787353515625;5
11927000;4.9623789787292480469;5
11938000;4.9621372222900390625;5
11950000;4.96197509765625;5
11962000;4.9621558189392089844;5
11973000;4.9608960151672363281;5
11986000;4.9597196578979492188;5
11997000;4.9586586952209472656;5
12008000;4.9585561752319335938;5
12020000;4.96047210693359375;5
12032000;4.9602985382080078125;5
12044000;4.9627766609191894531;5
12055000;4.963809967041015625;5
12066000;4.9644823074340820312;5
12078000;4.963642120361328125;5
12090000;4.9628663063049316406;5
12102000;4.9650607109069824219;5
12114000;4.9648284912109375;5
12126000;4.9641733169555664062;5
12137000;4.9642043113708496094;5
12149000;4.9633808135986328125;5
12160000;4.96124267578125;5
12172000;4.9622015953063964844;5
12183000;4.9616827964782714844;5
12195000;4.9592413902282714844;5
12207000;4.9564051628112792969;5
12219000;4.9587831497192382812;5
12230000;4.9540090560913085938;5
12241000;4.9543414115905761719;5
12252000;4.9535226821899414062;5
12264000;4.95361328125;5
12276000;4.9532332420349121094;5
12287000;4.95503997802734375;5
12299000;4.9536991119384765625;5
12311000;4.9545087814331054688;5
12323000;4.9567003250122070312;5
12335000;4.9574103355407714844;5
12346000;4.9559979438781738281;5
12358000;4.9556798934936523438;5
12369000;4.9551248550415039062;5
12382000;4.9553956985473632812;5
12394000;4.9562659263610839844;5
12406000;4.9553599357604980469;5
12417000;4.9549431800842285156;5
12429000;4.9541187286376953125;5
12441000;4.9538059234619140625;5
12453000;4.9548144340515136719;5
12465000;4.95481109619140625;5
12479000;4.9551243782043457031;5
12490000;4.9561443328857421875;5
12502000;4.9552149772644042969;5
12514000;4.9553713798522949219;5
12526000;4.9554114341735839844;5
12537000;4.9558358192443847656;5
12549000;4.9579687118530273438;5
12560000;4.9597935676574707031;5
12573000;4.959278106689453125;5
12584000;4.9594779014587402344;5
12595000;4.9591679573059082031;5
12607000;4.9611544609069824219;5
12619000;4.9583754539489746094;5
12631000;4.9608397483825683594;5
12642000;4.9598455429077148438;5
12653000;4.9590268135070800781;5
12664000;4.9585633277893066406;5
12677000;4.9601712226867675781;5
12689000;4.9600739479064941406;5
12700000;4.9594888687133789062;5
12712000;4.9600925445556640625;5
12723000;4.9592566490173339844;5
12735000;4.9578962326049804688;5
12747000;4.9436397552490234375;-5
12759000;3.9074599742889404297;-5
12771000;0.20463991165161132812;-5
12783000;-2.7463507652282714844;-5
12794000;-5.0098929405212402344;-5
12806000;-5.9238443374633789062;-5
12818000;-5.7492070198059082031;-5
12830000;-4.9484381675720214844;-5
12842000;-4.1721768379211425781;-5
12853000;-4.2768006324768066406;-5
12865000;-5.0247087478637695312;-5
12876000;-5.4463381767272949219;-5
12888000;-5.0994024276733398438;-5
12900000;-4.7212338447570800781;-5
12911000;-4.63043975830078125;-5
12923000;-4.7490711212158203125;-5
12934000;-4.9299998283386230469;-5
12946000;-5.1365904808044433594;-5
12957000;-5.1790413856506347656;-5
12968000;-5.0242619514465332031;-5
12979000;-4.8555994033813476562;-5
12991000;-4.7485690116882324219;-5
13003000;-4.9378085136413574219;-5
13015000;-5.0904736518859863281;-5
13027000;-5.0780568122863769531;-5
13039000;-4.970600128173828125;-5
13050000;-4.8724379539489746094;-5
13062000;-4.8067445755004882812;-5
13074000;-4.8724732398986816406;-5
13086000;-5.0244488716125488281;-5
13098000;-5.1303400993347167969;-5
13109000;-5.0368366241455078125;-5
13122000;-4.8597917556762695312;-5
13133000;-4.7836923599243164062;-5
13147000;-4.8914175033569335938;-5
13159000;-5.052135467529296875;-5
13171000;-5.1234602928161621094;-5
13182000;-4.9990887641906738281;-5
13194000;-4.8487529754638671875;-5
13206000;-4.8009848594665527344;-5
13218000;-4.9380960464477539062;-5
13229000;-5.0634603500366210938;-5
13240000;-5.0883922576904296875;-5
13251000;-4.9948315620422363281;-5
13263000;-4.8952703475952148438;-5
13274000;-4.8540201187133789062;-5
13287000;-4.931499481201171875;-5
13298000;-5.0404510498046875;-5
13310000;-5.0819239616394042969;-5
13322000;-4.99138641357421875;-5
13333000;-4.9201283454895019531;-5
13344000;-4.8779516220092773438;-5
13356000;-4.9121899604797363281;-5
13369000;-5.0163998603820800781;-5
13381000;-5.0962686538696289062;-5
13392000;-5.0264887809753417969;-5
13403000;-4.9400219917297363281;-5
13414000;-4.87888336181640625;-5
13426000;-4.9001917839050292969;-5
13438000;-5.0038542747497558594;-5
13450000;-5.0934071540832519531;-5
13461000;-5.0662636756896972656;-5
13473000;-4.9574933052062988281;-5
13485000;-4.8882918357849121094;-5
13499000;-4.9178423881530761719;-5
13510000;-5.0044889450073242188;-5
13522000;-5.0930876731872558594;-5
13534000;-5.0493760108947753906;-5
13546000;-4.9482131004333496094;-5
13558000;-4.8892154693603515625;-5
13569000;-4.9008150100708007812;-5
13581000;-4.978496551513671875;-5
13593000;-5.0814385414123535156;-5
13604000;-5.0754451751708984375;-5
13616000;-4.9689455032348632812;-5
13627000;-4.9050817489624023438;-5
13638000;-4.8864355087280273438;-5
13650000;-4.9646320343017578125;-5
13662000;-5.0654478073120117188;-5
13674000;-5.0850596427917480469;-5
13685000;-4.9850182533264160156;-5
13697000;-4.9196467399597167969;-5
13709000;-4.8890872001647949219;-5
13720000;-4.9441580772399902344;-5
13732000;-5.0482540130615234375;-5
13743000;-5.1039409637451171875;-5
13754000;-5.0297865867614746094;-5
13767000;-4.9314365386962890625;-5
13779000;-4.8896336555480957031;-5
13790000;-4.926361083984375;-5
13803000;-5.028961181640625;-5
13814000;-5.0993666648864746094;-5
13825000;-5.04744720458984375;-5
13837000;-4.94857025146484375;-5
13848000;-4.89435577392578125;-5
13860000;-4.9100894927978515625;-5
13872000;-5.0058560371398925781;-5
13884000;-5.0943484306335449219;-5
13895000;-5.0725970268249511719;-5
13907000;-4.9680509567260742188;-5
13919000;-4.9026103019714355469;-5
13930000;-4.9011974334716796875;-5
13942000;-4.9845323562622070312;-5
13953000;-5.0670347213745117188;-5
13964000;-5.0894937515258789062;-5
13976000;-4.9867768287658691406;-5
13987000;-4.9217963218688964844;-5
13998000;-4.8931250572204589844;-5
14010000;-4.9505834579467773438;-5
14022000;-5.0548000335693359375;-5
14033000;-5.1062865257263183594;-5
14045000;-5.0334849357604980469;-5
14056000;-4.9402804374694824219;-5
14068000;-4.8989605903625488281;-5
14080000;-4.9307727813720703125;-5
14091000;-5.0173830986022949219;-5
14102000;-5.1099905967712402344;-5
14114000;-5.0664553642272949219;-5
14125000;-4.9732880592346191406;-5
14137000;-4.906524658203125;-5
14148000;-4.9083456993103027344;-5
14160000;-4.9974751472473144531;-5
14171000;-5.0823140144348144531;-5
14182000;-5.0951051712036132812;-5
14193000;-4.9897012710571289062;-5
14205000;-4.9242310523986816406;-5
14218000;-4.90346527099609375;-5
14230000;-4.9801669120788574219;-5
14242000;-5.08150482177734375;-5
14253000;-5.1001558303833007812;-5
14265000;-5.0102171897888183594;-5
14276000;-4.9249186515808105469;-5
14288000;-4.8997173309326171875;-5
14299000;-4.9472475051879882812;-5
14311000;-5.0497670173645019531;-5
14323000;-5.1104865074157714844;-5
14335000;-5.0290536880493164062;-5
14346000;-4.9401531219482421875;-5
14358000;-4.9024777412414550781;-5
14370000;-4.9394841194152832031;-5
14382000;-5.0457477569580078125;-5
14393000;-5.1221547126770019531;-5
14405000;-5.063846588134765625;-5
14417000;-4.9568090438842773438;-5
14429000;-4.9042677879333496094;-5
14440000;-4.9300832748413085938;-5
14452000;-5.0307555198669433594;-5
14463000;-5.1130170822143554688;-5
14474000;-5.0730004310607910156;-5
14487000;-4.9699378013610839844;-5
14498000;-4.9148321151733398438;-5
14510000;-4.9221010208129882812;-5
14522000;-5.0143404006958007812;-5
14535000;-5.1214022636413574219;-5
14547000;-5.0886664390563964844;-5
14558000;-4.9755492210388183594;-5
14570000;-4.9118013381958007812;-5
14581000;-4.9188733100891113281;-5
14593000;-5.0124807357788085938;-5
14606000;-5.1077299118041992188;-5
14618000;-5.0811014175415039062;-5
14630000;-4.9704141616821289062;-5
14643000;-4.9106431007385253906;-5
14655000;-4.9149322509765625;-5
14667000;-5.0096187591552734375;-5
14679000;-5.1059961318969726562;-5
14690000;-5.0811610221862792969;-5
14702000;-4.9768242835998535156;-5
14713000;-4.9134221076965332031;-5
14725000;-4.9086437225341796875;-5
14737000;-4.9868264198303222656;-5
14747000;-5.0790305137634277344;-5
14758000;-5.1179714202880859375;-5
14769000;-5.0105800628662109375;-5
14781000;-4.9379367828369140625;-5
14792000;-4.9038152694702148438;-5
14804000;-4.958766937255859375;-5
14815000;-5.0430145263671875;-5
14827000;-5.1164464950561523438;-5
14839000;-5.0456604957580566406;-5
14851000;-4.9513378143310546875;-5
14862000;-4.9126291275024414062;-5
14873000;-4.9353127479553222656;-5
14885000;-5.0180821418762207031;-5
14898000;-5.1261191368103027344;-5
14909000;-5.0857081413269042969;-5
14921000;-4.9738626480102539062;-5
14932000;-4.9127950668334960938;-5
14944000;-4.9260654449462890625;-5
14955000;-5.0041203498840332031;-5
14966000;-5.104190826416015625;-5
14978000;-5.0952939987182617188;-5
14989000;-5.003284454345703125;-5
15000000;-4.9279022216796875;-5
15012000;-4.913898468017578125;-5
15024000;-4.9820885658264160156;-5
15035000;-5.073093414306640625;-5
15047000;-5.13088226318359375;-5
15059000;-5.0294408798217773438;-5
15071000;-4.9354338645935058594;-5
15082000;-4.9051976203918457031;-5
15094000;-4.9675626754760742188;-5
15107000;-5.0744180679321289062;-5
15119000;-5.1230254173278808594;-5
15130000;-5.0235104560852050781;-5
15142000;-4.9394178390502929688;-5
15153000;-4.9129843711853027344;-5
15165000;-4.9711885452270507812;-5
15178000;-5.0807690620422363281;-5
15189000;-5.1295804977416992188;-5
15202000;-5.0268607139587402344;-5
15213000;-4.9501185417175292969;-5
15224000;-4.9086928367614746094;-5
15235000;-4.9382638931274414062;-5
15247000;-5.0352106094360351562;5
15259000;-3.8617506027221679688;5
15270000;-0.93386179208755493164;5
15282000;2.5451898574829101562;5
15293000;4.6394543647766113281;5
15304000;5.6766495704650878906;5
15316000;5.7115674018859863281;5
15328000;5.0911984443664550781;5
15339000;4.4035387039184570312;5
15351000;4.4754137992858886719;5
15362000;4.8598198890686035156;5
15373000;5.040313720703125;5
15385000;5.1451921463012695312;5
15398000;5.17682647705078125;5
15410000;5.0650820732116699219;5
15421000;4.9269070625305175781;5
15433000;4.885555267333984375;5
15445000;4.9426121711730957031;5
15457000;5.0405797958374023438;5
15468000;5.0933818817138671875;5
15480000;5.083240509033203125;5
15491000;4.9888691902160644531;5
15502000;4.8771500587463378906;5
15514000;4.8836445808410644531;5
15526000;5.0339450836181640625;5
15538000;5.1251301765441894531;5
15550000;5.0545301437377929688;5
15562000;4.9339308738708496094;5
15574000;4.8980536460876464844;5
15586000;4.9764833450317382812;5
15597000;5.0666399002075195312;5
15608000;5.1020689010620117188;5
15620000;5.0261373519897460938;5
15631000;4.9523744583129882812;5
15643000;4.938510894775390625;5
15655000;4.9852538108825683594;5
15667000;5.03350067138671875;5
15678000;5.0383653640747070312;5
15689000;5.0071129798889160156;5
15701000;4.9847922325134277344;5
15714000;4.9909558296203613281;5
15726000;5.0088129043579101562;5
15738000;5.0173220634460449219;5
15750000;5.0147747993469238281;5
15762000;5.0028390884399414062;5
15774000;4.9920015335083007812;5
15785000;4.9929409027099609375;5
15796000;5.0058279037475585938;5
15807000;5.0154175758361816406;5
15819000;5.0124287605285644531;5
15830000;4.9986033439636230469;5
15842000;4.9947981834411621094;5
15853000;4.9992632865905761719;5
15864000;5.0056104660034179688;5
15876000;5.0081725120544433594;5
15888000;5.0028414726257324219;5
15900000;4.9981784820556640625;5
15913000;4.9990468025207519531;5
15925000;5.004032135009765625;5
15935000;5.0088944435119628906;5
15948000;5.0073642730712890625;5
15959000;5.0030965805053710938;5
15970000;5.0053663253784179688;5
15982000;5.0071568489074707031;5
15994000;5.0091810226440429688;5
16005000;5.008434295654296875;5
16018000;5.0062155723571777344;5
16030000;5.0076785087585449219;5
16041000;5.0098285675048828125;5
16053000;5.0109868049621582031;5
16065000;5.0078558921813964844;5
16077000;5.0072622299194335938;5
16088000;5.0042695999145507812;5
16100000;5.0071835517883300781;5
16111000;5.00801849365234375;5
16123000;5.0071620941162109375;5
16135000;5.0045013427734375;5
16147000;5.0027494430541992188;5
16158000;5.0017437934875488281;5
16169000;5.0043659210205078125;5
16181000;5.0045218467712402344;5
16192000;5.002666473388671875;5
16204000;5.0024671554565429688;5
16215000;5.0028319358825683594;5
16226000;5.0036821365356445312;5
16238000;5.0038924217224121094;5
16250000;5.0040173530578613281;5
16261000;5.0013298988342285156;5
16272000;5.0015234947204589844;5
16285000;5.0017666816711425781;5
16296000;5.0019421577453613281;5
16308000;5.0020585060119628906;5
16319000;5.0015988349914550781;5
16331000;5.0015377998352050781;5
16342000;5.0008034706115722656;5
16354000;4.9994053840637207031;5
16365000;5.0019545555114746094;5
16375000;5.0028882026672363281;5
16388000;5.0022077560424804688;5
16399000;5.0020403861999511719;5
16411000;5.002513885498046875;5
16422000;5.0028738975524902344;5
16433000;5.0029397010803222656;5
16444000;5.0025744438171386719;5
16456000;5.0019459724426269531;5
16467000;5.0012135505676269531;5
16478000;5.001186370849609375;5
16491000;5.0000853538513183594;5
16502000;4.9997115135192871094;5
16513000;5.0015478134155273438;5
16524000;5.0013689994812011719;5
16536000;5.0010981559753417969;5
16547000;5.0044841766357421875;5
16559000;5.0002956390380859375;5
16571000;5.0012946128845214844;5
16583000;5.0014367103576660156;5
16594000;5.0021429061889648438;5
16607000;4.9997091293334960938;5
16619000;5.0012269020080566406;5
16631000;5.0025396347045898438;5
16643000;5.0021595954895019531;5
16655000;5.0036525726318359375;5
16667000;5.0045952796936035156;5
16678000;5.005771636962890625;5
16690000;5.0069255828857421875;5
16701000;5.0058622360229492188;5
16713000;5.0062465667724609375;5
16724000;5.0071673393249511719;5
16735000;5.0081644058227539062;5
16748000;5.0069456100463867188;5
16759000;5.0071768760681152344;5
16771000;5.0060057640075683594;5
16783000;5.0050973892211914062;5
16794000;5.0046696662902832031;5
16805000;5.0043625831604003906;5
16818000;5.004894256591796875;5
16829000;5.0054917335510253906;5
16840000;5.00485992431640625;5
16852000;5.005084991455078125;5
16863000;5.0054402351379394531;5
16875000;5.0077991485595703125;5
16886000;5.0060901641845703125;5
16898000;5.0049180984497070312;5
16909000;5.008148193359375;5
16921000;5.0068945884704589844;5
16933000;5.005115509033203125;5
16945000;5.0052442550659179688;5
16956000;5.0070791244506835938;5
16968000;5.0088014602661132812;5
16980000;5.0079979896545410156;5
16992000;5.0063710212707519531;5
17003000;5.0075106620788574219;5
17015000;5.0062117576599121094;5
17027000;5.0057935714721679688;5
17039000;5.0052943229675292969;5
17050000;5.0049128532409667969;5
17062000;5.0049648284912109375;5
17074000;5.0040063858032226562;5
17085000;5.0036559104919433594;5
17098000;5.0042614936828613281;5
17109000;5.0018944740295410156;5
17120000;5.0034689903259277344;5
17131000;5.0019507408142089844;5
17143000;5.0042433738708496094;5
17154000;5.0046854019165039062;5
17165000;5.0042657852172851562;5
17177000;5.0026001930236816406;5
17189000;5.0021414756774902344;5
17201000;5.0054011344909667969;5
17212000;5.0029368400573730469;5
17223000;5.0011644363403320312;5
17235000;5.0024471282958984375;5
17247000;5.0030031204223632812;5
17258000;5.0024399757385253906;5
17270000;5.0032877922058105469;5
17283000;5.0032620429992675781;5
17294000;5.0025992393493652344;5
17305000;5.0014052391052246094;5
17318000;5.0009264945983886719;5
17329000;5.0018095970153808594;5
17341000;5.003063201904296875;5
17353000;5.0056691169738769531;5
17365000;5.0063152313232421875;5
17376000;5.0058031082153320312;5
17388000;5.0051436424255371094;5
17399000;5.0032434463500976562;5
17410000;5.0046548843383789062;5
17422000;5.0055723190307617188;5
17434000;5.0063629150390625;5
17445000;5.0062894821166992188;5
17456000;5.0076413154602050781;5
17468000;5.0082025527954101562;5
17480000;5.010730743408203125;5
17492000;5.0097856521606445312;5
17503000;5.0098733901977539062;5
17514000;5.0097870826721191406;5
17525000;5.0101299285888671875;5
17537000;5.0099930763244628906;5
17548000;5.0092806816101074219;5
17560000;5.0075864791870117188;5
17572000;5.0060210227966308594;5
17584000;5.0063724517822265625;5
17596000;5.0055689811706542969;5
17608000;5.0054941177368164062;5
17619000;5.0070490837097167969;5
17631000;5.0049524307250976562;5
17642000;5.0035886764526367188;5
17654000;5.0056633949279785156;5
17666000;5.0047039985656738281;5
17677000;5.0041012763977050781;5
17689000;5.0031962394714355469;5
17701000;5.0027132034301757812;5
17713000;5.00386810302734375;5
17724000;5.0042233467102050781;5
17736000;5.0031533241271972656;5
17748000;4.9691562652587890625;-5
17760000;3.5554141998291015625;-5
17772000;0.28024619817733764648;-5
17783000;-2.6969971656799316406;-5
17794000;-4.998687744140625;-5
17805000;-5.9101166725158691406;-5
17817000;-5.7414431571960449219;-5
17828000;-5.0985617637634277344;-5
17840000;-4.2707719802856445312;-5
17852000;-4.2712039947509765625;-5
17863000;-5.0140757560729980469;-5
17874000;-5.4486088752746582031;-5
17887000;-5.2085518836975097656;-5
17898000;-4.8131527900695800781;-5
17911000;-4.6516313552856445312;-5
17923000;-4.7579646110534667969;-5
17935000;-4.9220118522644042969;-5
17946000;-5.1240324974060058594;-5
17958000;-5.1748342514038085938;-5
17970000;-4.9999594688415527344;-5
17981000;-4.8049488067626953125;-5
17993000;-4.7649321556091308594;-5
18004000;-4.93793487548828125;-5
18016000;-5.11620330810546875;-5
18027000;-5.0895819664001464844;-5
18039000;-4.9929337501525878906;-5
18051000;-4.8635506629943847656;-5
18063000;-4.8142642974853515625;-5
18074000;-4.8700156211853027344;-5
18085000;-4.9974918365478515625;-5
18098000;-5.1431632041931152344;-5
18109000;-5.05809783935546875;-5
18121000;-4.8980503082275390625;-5
18132000;-4.785430908203125;-5
18143000;-4.8422918319702148438;-5
18156000;-5.0212130546569824219;-5
18168000;-5.1231455802917480469;-5
18180000;-5.0448908805847167969;-5
18191000;-4.8991332054138183594;-5
18203000;-4.8111004829406738281;-5
18214000;-4.8595004081726074219;-5
18225000;-4.9958329200744628906;-5
18236000;-5.1072869300842285156;-5
18248000;-5.03722381591796875;-5
18260000;-4.9278168678283691406;-5
18271000;-4.8682255744934082031;-5
18282000;-4.8929038047790527344;-5
18294000;-4.995208740234375;-5
18306000;-5.0754351615905761719;-5
18318000;-5.0374631881713867188;-5
18329000;-4.9585909843444824219;-5
18341000;-4.8990087509155273438;-5
18352000;-4.8930706977844238281;-5
18363000;-4.9501557350158691406;-5
18375000;-5.0419111251831054688;-5
18386000;-5.0848894119262695312;-5
18397000;-5.0166001319885253906;-5
18409000;-4.9227838516235351562;-5
18420000;-4.8813242912292480469;-5
18432000;-4.9256048202514648438;-5
18443000;-5.0239872932434082031;-5
18455000;-5.0835118293762207031;-5
18468000;-4.9879479408264160156;-5
18483000;-4.9190683364868164062;-5
18495000;-4.88980865478515625;-5
18508000;-4.9523215293884277344;-5
18519000;-5.0305547714233398438;-5
18531000;-5.0869550704956054688;-5
18542000;-5.0158209800720214844;-5
18554000;-4.9339203834533691406;-5
18566000;-4.8967218399047851562;-5
18579000;-4.9269428253173828125;-5
18591000;-5.0197496414184570312;-5
18602000;-5.0902361869812011719;-5
18614000;-5.0371332168579101562;-5
18626000;-4.9416832923889160156;-5
18638000;-4.8952045440673828125;-5
18650000;-4.9221210479736328125;-5
18661000;-4.9968013763427734375;-5
18673000;-5.0746865272521972656;-5
18685000;-5.0597858428955078125;-5
18696000;-4.9656858444213867188;-5
18706000;-4.9137969017028808594;-5
18718000;-4.9017853736877441406;-5
18730000;-4.9645109176635742188;-5
18742000;-5.0604357719421386719;-5
18753000;-5.0916204452514648438;-5
18764000;-5.0146708488464355469;-5
18776000;-4.9287042617797851562;-5
18788000;-4.8951501846313476562;-5
18800000;-4.944179534912109375;-5
18811000;-5.0226078033447265625;-5
18822000;-5.0893535614013671875;-5
18833000;-5.0538258552551269531;-5
18845000;-4.9607615470886230469;-5
18856000;-4.9071054458618164062;-5
18868000;-4.9136557579040527344;-5
18880000;-4.9928951263427734375;-5
18891000;-5.0797295570373535156;-5
18903000;-5.0884823799133300781;-5
18914000;-4.9892582893371582031;-5
18925000;-4.9228372573852539062;-5
18936000;-4.8978633880615234375;-5
18949000;-4.9560084342956542969;-5
18962000;-5.059497833251953125;-5
18973000;-5.0824670791625976562;-5
18985000;-5.0095438957214355469;-5
18997000;-4.9215173721313476562;-5
19009000;-4.9034256935119628906;-5
19020000;-4.9433507919311523438;-5
19031000;-5.0354795455932617188;-5
19042000;-5.0953564643859863281;-5
19055000;-5.0324444770812988281;-5
19067000;-4.9524259567260742188;-5
19078000;-4.9022498130798339844;-5
19090000;-4.9247946739196777344;-5
19102000;-5.0151772499084472656;-5
19113000;-5.0900835990905761719;-5
19125000;-5.0681595802307128906;-5
19136000;-4.9751300811767578125;-5
19148000;-4.9174370765686035156;-5
19160000;-4.9146342277526855469;-5
19171000;-4.9815082550048828125;-5
19183000;-5.0720019340515136719;-5
19195000;-5.0989980697631835938;-5
19208000;-4.9918360710144042969;-5
19220000;-4.9212093353271484375;-5
19231000;-4.9045886993408203125;-5
19243000;-4.975925445556640625;-5
19256000;-5.0617628097534179688;-5
19268000;-5.0841383934020996094;-5
19279000;-4.9970726966857910156;-5
19291000;-4.9359307289123535156;-5
19302000;-4.9104523658752441406;-5
19313000;-4.9427819252014160156;-5
19325000;-5.0183110237121582031;-5
19337000;-5.0978765487670898438;-5
19349000;-5.05901336669921875;-5
19360000;-4.9579610824584960938;-5
19371000;-4.9057240486145019531;-5
19383000;-4.9186730384826660156;-5
19394000;-4.9991831779479980469;-5
19405000;-5.06634521484375;-5
19417000;-5.0772690773010253906;-5
19428000;-4.9894504547119140625;-5
19440000;-4.925628662109375;-5
19451000;-4.9145283699035644531;-5
19463000;-4.9671044349670410156;-5
19475000;-5.0579233169555664062;-5
19487000;-5.102458953857421875;-5
19498000;-5.031497955322265625;-5
19509000;-4.9409608840942382812;-5
19521000;-4.9062929153442382812;-5
19532000;-4.9342393875122070312;-5
19543000;-5.0219235420227050781;-5
19554000;-5.0854010581970214844;-5
19566000;-5.0635623931884765625;-5
19577000;-4.9682893753051757812;-5
19589000;-4.9204158782958984375;-5
19600000;-4.9131984710693359375;-5
19611000;-4.9606351852416992188;-5
19623000;-5.0516781806945800781;-5
19634000;-5.0979189872741699219;-5
19646000;-5.0180230140686035156;-5
19658000;-4.9385924339294433594;-5
19670000;-4.9079432487487792969;-5
19682000;-4.9485831260681152344;-5
19693000;-5.0408253669738769531;-5
19704000;-5.0965929031372070312;-5
19716000;-5.0477061271667480469;-5
19727000;-4.9692540168762207031;-5
19738000;-4.9163231849670410156;-5
19750000;-4.9242277145385742188;-5
19761000;-4.9862885475158691406;-5
19772000;-5.0734157562255859375;-5
19784000;-5.0915122032165527344;-5
19795000;-5.0006232261657714844;-5
19806000;-4.9407420158386230469;-5
19818000;-4.9180941581726074219;-5
19830000;-4.9582848548889160156;-5
19841000;-5.0512194633483886719;-5
19853000;-5.1088404655456542969;-5
19864000;-5.0499057769775390625;-5
19875000;-4.9540305137634277344;-5
19887000;-4.9150519371032714844;-5
19898000;-4.9308419227600097656;-5
19910000;-5.0130095481872558594;-5
19921000;-5.0825085639953613281;-5
19932000;-5.0832085609436035156;-5
19944000;-4.9891271591186523438;-5
19955000;-4.9272065162658691406;-5
19968000;-4.9223957061767578125;-5
19980000;-4.9846100807189941406;-5
19992000;-5.0796828269958496094;-5
20004000;-5.1057667732238769531;-5
20016000;-5.0049281120300292969;-5
20027000;-4.9321064949035644531;-5
20038000;-4.9165816307067871094;-5
20049000;-4.9698700904846191406;-5
20061000;-5.058712005615234375;-5
20073000;-5.1042723655700683594;-5
20084000;-5.0412502288818359375;-5
20097000;-4.9565095901489257812;-5
20109000;-4.924297332763671875;-5
20120000;-4.9425497055053710938;-5
20132000;-5.0237865447998046875;-5
20143000;-5.1051850318908691406;-5
20156000;-5.0668039321899414062;-5
20167000;-4.9801816940307617188;-5
20178000;-4.9216561317443847656;-5
20190000;-4.9283928871154785156;-5
20202000;-5.00890350341796875;-5
20215000;-5.0987834930419921875;-5
20226000;-5.0779862403869628906;-5
20238000;-4.9833283424377441406;5
20249000;-4.5006575584411621094;5
20261000;-2.6323649883270263672;5
20273000;0.8120854496955871582;5
20284000;4.101924896240234375;5
20296000;5.6837391853332519531;5
20308000;5.9726963043212890625;5
20321000;5.4824934005737304688;5
20333000;4.6436791419982910156;5
20344000;4.3941588401794433594;5
20356000;4.7660679817199707031;5
20367000;4.9760847091674804688;5
20378000;5.1097836494445800781;5
20390000;5.1865186691284179688;5
20402000;5.1703677177429199219;5
20413000;4.9835414886474609375;5
20425000;4.8614797592163085938;5
20436000;4.8911218643188476562;5
20448000;4.9844260215759277344;5
20460000;5.0761456489562988281;5
20471000;5.1193904876708984375;5
20483000;5.064609527587890625;5
20495000;4.91982269287109375;5
20506000;4.8440523147583007812;5
20519000;4.9334692955017089844;5
20531000;5.0883660316467285156;5
20543000;5.1103053092956542969;5
20555000;5.0097165107727050781;5
20567000;4.9056363105773925781;5
20578000;4.9113030433654785156;5
20590000;5.0049915313720703125;5
20601000;5.0810441970825195312;5
20613000;5.0774974822998046875;5
20625000;4.98627471923828125;5
20637000;4.9267096519470214844;5
20648000;4.9531650543212890625;5
20659000;5.0003223419189453125;5
20671000;5.0290727615356445312;5
20683000;5.0155305862426757812;5
20694000;4.9896979331970214844;5
20705000;4.9790225028991699219;5
20718000;4.9913802146911621094;5
20729000;5.0007567405700683594;5
20741000;5.0027756690979003906;5
20753000;5.0027804374694824219;5
20765000;4.9954810142517089844;5
20776000;4.9841146469116210938;5
20788000;4.9879198074340820312;5
20800000;5.0013613700866699219;5
20812000;5.0074033737182617188;5
20824000;4.9966597557067871094;5
20835000;4.9854335784912109375;5
20847000;4.982616424560546875;5
20859000;4.9895157814025878906;5
20871000;4.9962205886840820312;5
20882000;4.9953432083129882812;5
20894000;4.9923253059387207031;5
20906000;4.9898920059204101562;5
20917000;4.9920015335083007812;5
20928000;4.9971919059753417969;5
20940000;4.9983096122741699219;5
20951000;4.9951047897338867188;5
20962000;4.9913601875305175781;5
20974000;4.9896712303161621094;5
20985000;4.9927887916564941406;5
20997000;4.9925203323364257812;5
21008000;4.991943359375;5
21019000;4.9891057014465332031;5
21032000;4.9902472496032714844;5
21043000;4.9920697212219238281;5
21054000;4.9926385879516601562;5
21067000;4.9929060935974121094;5
21079000;4.9910082817077636719;5
21091000;4.9908590316772460938;5
21102000;4.9909992218017578125;5
21114000;4.9933094978332519531;5
21126000;4.9934210777282714844;5
21138000;4.99259185791015625;5
21150000;4.9921207427978515625;5
21162000;4.9911055564880371094;5
21174000;4.9904918670654296875;5
21185000;4.9905133247375488281;5
21196000;4.9920487403869628906;5
21208000;4.9914350509643554688;5
21220000;4.9917263984680175781;5
21232000;4.9900293350219726562;5
21243000;4.9930367469787597656;5
21255000;4.9912166595458984375;5
21267000;4.9918732643127441406;5
21278000;4.9921922683715820312;5
21289000;4.9895653724670410156;5
21301000;4.9890542030334472656;5
21313000;4.9883565902709960938;5
21324000;4.9875078201293945312;5
21336000;4.9854879379272460938;5
21348000;4.9868140220642089844;5
21360000;4.98659515380859375;5
21371000;4.9886617660522460938;5
21383000;4.9884972572326660156;5
21395000;4.9886546134948730469;5
21407000;4.9886527061462402344;5
21418000;4.9884810447692871094;5
21430000;4.9900112152099609375;5
21441000;4.9884800910949707031;5
21452000;4.9918575286865234375;5
21465000;4.9904294013977050781;5
21477000;4.9912633895874023438;5
21489000;4.9898519515991210938;5
21500000;4.989231109619140625;5
21512000;4.9893069267272949219;5
21523000;4.9897742271423339844;5
21534000;4.9886112213134765625;5
21546000;4.9871773719787597656;5
21557000;4.9847927093505859375;5
21568000;4.9857940673828125;5
21581000;4.9876713752746582031;5
21592000;4.9895114898681640625;5
21603000;4.9877943992614746094;5
21615000;4.9865579605102539062;5
21628000;4.9875617027282714844;5
21639000;4.9887938499450683594;5
21650000;4.9886074066162109375;5
21662000;4.9872794151306152344;5
21674000;4.9877877235412597656;5
21685000;4.989482879638671875;5
21698000;4.9904737472534179688;5
21710000;4.991031646728515625;5
21721000;4.9917368888854980469;5
21733000;4.9910674095153808594;5
21744000;4.992336273193359375;5
21756000;4.9924254417419433594;5
21767000;4.9921774864196777344;5
21778000;4.9929761886596679688;5
21791000;4.9954485893249511719;5
21802000;4.9955306053161621094;5
21814000;4.9944410324096679688;5
21826000;4.9954094886779785156;5
21838000;4.9952912330627441406;5
21850000;4.9936108589172363281;5
21862000;4.9948015213012695312;5
21874000;4.9948887825012207031;5
21885000;4.9939861297607421875;5
21897000;4.9960122108459472656;5
21909000;4.9959015846252441406;5
21920000;4.9975161552429199219;5
21932000;4.9968371391296386719;5
21944000;4.9991927146911621094;5
21956000;5.0012297630310058594;5
21968000;4.998626708984375;5
21979000;5.0002460479736328125;5
21991000;4.9989166259765625;5
22004000;4.998538970947265625;5
22015000;4.99977874755859375;5
22027000;4.9990239143371582031;5
22039000;4.9957995414733886719;5
22051000;4.9958729743957519531;5
22063000;4.9942154884338378906;5
22074000;4.9945864677429199219;5
22086000;4.9947423934936523438;5
22098000;4.9917368888854980469;5
22110000;4.9928317070007324219;5
22121000;4.9908852577209472656;5
22134000;4.9909105300903320312;5
22145000;4.9906592369079589844;5
22156000;4.9882149696350097656;5
22168000;4.9905538558959960938;5
22180000;4.9896159172058105469;5
22191000;4.9892239570617675781;5
22202000;4.9891457557678222656;5
22214000;4.9874401092529296875;5
22225000;4.9900112152099609375;5
22236000;4.9895234107971191406;5
22248000;4.9897227287292480469;5
22261000;4.9890899658203125;5
22272000;4.9886879920959472656;5
22283000;4.9891753196716308594;5
22295000;4.9901523590087890625;5
22306000;4.98967742919921875;5
22318000;4.9890675544738769531;5
22329000;4.9908609390258789062;5
22341000;4.9921402931213378906;5
22352000;4.99117279052734375;5
22364000;4.9920964241027832031;5
22376000;4.9920215606689453125;5
22388000;4.99272918701171875;5
22400000;4.9948258399963378906;5
22411000;4.9915776252746582031;5
22423000;4.99301910400390625;5
22435000;4.9944143295288085938;5
22446000;4.9932427406311035156;5
22458000;4.9928612709045410156;5
22470000;4.9918684959411621094;5
22481000;4.9927515983581542969;5
22492000;4.9920582771301269531;5
22504000;4.9904532432556152344;5
22515000;4.9905996322631835938;5
22528000;4.9897298812866210938;5
22539000;4.9909586906433105469;5
22550000;4.9916605949401855469;5
22562000;4.9921245574951171875;5
22573000;4.9908924102783203125;5
22584000;4.9909496307373046875;5
22596000;4.9908623695373535156;5
22608000;4.9898810386657714844;5
22620000;4.9905924797058105469;5
22631000;4.9877681732177734375;5
22642000;4.9888205528259277344;5
22653000;4.9908251762390136719;5
22664000;4.9921269416809082031;5
22675000;4.9923567771911621094;5
22688000;4.9912285804748535156;5
22700000;4.9899744987487792969;5
22712000;4.9880113601684570312;5
22723000;4.9895277023315429688;5
22735000;4.9872102737426757812;5
22747000;4.9551820755004882812;-5
22759000;3.5478334426879882812;-5
22770000;0.2709350883960723877;-5
22782000;-3.2196657657623291016;-5
22794000;-5.2371878623962402344;-5
22805000;-5.9730124473571777344;-5
22819000;-5.6331119537353515625;-5
22830000;-4.78369903564453125;-5
22841000;-4.1699380874633789062;-5
22853000;-4.5023427009582519531;-5
22865000;-5.1527800559997558594;-5
22877000;-5.4191660881042480469;-5
22889000;-5.0122890472412109375;-5
22901000;-4.7184624671936035156;-5
22913000;-4.6882472038269042969;-5
22924000;-4.8114657402038574219;-5
22936000;-4.9724755287170410156;-5
22946000;-5.1472835540771484375;-5
22958000;-5.1826510429382324219;-5
22969000;-4.997463226318359375;-5
22980000;-4.83354949951171875;-5
22993000;-4.8142647743225097656;-5
23004000;-4.9700617790222167969;-5
23015000;-5.1200022697448730469;-5
23027000;-5.1154112815856933594;-5
23038000;-5.0058002471923828125;-5
23049000;-4.8932127952575683594;-5
23061000;-4.8293061256408691406;-5
23072000;-4.8756537437438964844;-5
23083000;-5.0408725738525390625;-5
23095000;-5.1567850112915039062;-5
23106000;-5.1089191436767578125;-5
23118000;-4.9274716377258300781;-5
23130000;-4.8141536712646484375;-5
23141000;-4.86025238037109375;-5
23153000;-5.0048727989196777344;-5
23164000;-5.1318025588989257812;-5
23177000;-5.0963301658630371094;-5
23188000;-4.9543175697326660156;-5
23199000;-4.8473296165466308594;-5
23211000;-4.8639507293701171875;-5
23222000;-5.0107798576354980469;-5
23234000;-5.1228380203247070312;-5
23246000;-5.0655679702758789062;-5
23257000;-4.975093841552734375;-5
23268000;-4.9011969566345214844;-5
23280000;-4.9096627235412597656;-5
23292000;-5.003826141357421875;-5
23305000;-5.0909037590026855469;-5
23316000;-5.0753850936889648438;-5
23328000;-4.975498199462890625;-5
23340000;-4.9172081947326660156;-5
23352000;-4.920284271240234375;-5
23364000;-4.991817474365234375;-5
23376000;-5.0775318145751953125;-5
23388000;-5.0859689712524414062;-5
23400000;-4.9864063262939453125;-5
23411000;-4.9282979965209960938;-5
23423000;-4.9122042655944824219;-5
23435000;-4.9730224609375;-5
23446000;-5.0622982978820800781;-5
23458000;-5.1016192436218261719;-5
23470000;-5.0118737220764160156;-5
23481000;-4.9285326004028320312;-5
23493000;-4.9048919677734375;-5
23504000;-4.9567198753356933594;-5
23516000;-5.0507206916809082031;-5
23528000;-5.1049408912658691406;-5
23540000;-5.0295696258544921875;-5
23552000;-4.94454193115234375;-5
23563000;-4.9144825935363769531;-5
23575000;-4.9443202018737792969;-5
23586000;-5.0255331993103027344;-5
23598000;-5.0966048240661621094;-5
23610000;-5.04459381103515625;-5
23622000;-4.9588212966918945312;-5
23633000;-4.9206438064575195312;-5
23645000;-4.9334349632263183594;-5
23657000;-5.0220980644226074219;-5
23670000;-5.091228485107421875;-5
23681000;-5.045543670654296875;-5
23692000;-4.9724211692810058594;-5
23704000;-4.9268193244934082031;-5
23716000;-4.9375400543212890625;-5
23728000;-5.0063581466674804688;-5
23740000;-5.080112457275390625;-5
23751000;-5.0621943473815917969;-5
23763000;-4.9865746498107910156;-5
23774000;-4.9365415573120117188;-5
23786000;-4.9402775764465332031;-5
23799000;-4.9996151924133300781;-5
23812000;-5.0674300193786621094;-5
23824000;-5.0617375373840332031;-5
23836000;-4.977855682373046875;-5
23848000;-4.9383697509765625;-5
23860000;-4.9466490745544433594;-5
23872000;-4.9923129081726074219;-5
23884000;-5.0541653633117675781;-5
23897000;-5.0380339622497558594;-5
23908000;-4.9778690338134765625;-5
23919000;-4.9530820846557617188;-5
23931000;-4.9620122909545898438;-5
23942000;-4.9970507621765136719;-5
23953000;-5.0271477699279785156;-5
23964000;-5.022640228271484375;-5
23976000;-5.0005879402160644531;-5
23987000;-4.9855599403381347656;-5
23998000;-4.9897189140319824219;-5
24010000;-5.0044145584106445312;-5
24021000;-5.0151085853576660156;-5
24033000;-5.0110387802124023438;-5
24045000;-4.9940996170043945312;-5
24057000;-4.9908976554870605469;-5
24069000;-5.0011014938354492188;-5
24081000;-5.0084180831909179688;-5
24092000;-5.0009379386901855469;-5
24103000;-4.9932403564453125;-5
24114000;-4.9933767318725585938;-5
24127000;-4.9988532066345214844;-5
24138000;-5.0057363510131835938;-5
24151000;-4.9992504119873046875;-5
24163000;-4.9937582015991210938;-5
24175000;-4.9906568527221679688;-5
24186000;-4.9978680610656738281;-5
24198000;-5.0007147789001464844;-5
24210000;-4.9998226165771484375;-5
24221000;-4.9925594329833984375;-5
24233000;-4.9894056320190429688;-5
24244000;-4.9952526092529296875;-5
24256000;-4.9990811347961425781;-5
24268000;-4.9977517127990722656;-5
24280000;-4.9930472373962402344;-5
24292000;-4.9887499809265136719;-5
24305000;-4.9924535751342773438;-5
24316000;-4.99602508544921875;-5
24328000;-4.9963335990905761719;-5
24338000;-4.9933447837829589844;-5
24350000;-4.9911069869995117188;-5
24362000;-4.9925165176391601562;-5
24372000;-4.9958682060241699219;-5
24384000;-4.9985628128051757812;-5
24395000;-4.9962534904479980469;-5
24407000;-4.9929599761962890625;-5
24418000;-4.9937601089477539062;-5
24430000;-4.9968509674072265625;-5
24441000;-4.9956026077270507812;-5
24454000;-4.9926838874816894531;-5
24465000;-4.9908089637756347656;-5
24478000;-4.9895853996276855469;-5
24489000;-4.9925427436828613281;-5
24502000;-4.9916024208068847656;-5
24513000;-4.9901766777038574219;-5
24524000;-4.9899721145629882812;-5
24537000;-4.9887795448303222656;-5
24549000;-4.9916391372680664062;-5
24562000;-4.9928097724914550781;-5
24573000;-4.9899983406066894531;-5
24586000;-4.9895033836364746094;-5
24597000;-4.9903631210327148438;-5
24609000;-4.9906811714172363281;-5
24620000;-4.9912209510803222656;-5
24631000;-4.9900393486022949219;-5
24644000;-4.9882402420043945312;-5
24655000;-4.9886116981506347656;-5
24667000;-4.989414215087890625;-5
24679000;-4.989288330078125;-5
24690000;-4.9871721267700195312;-5
24701000;-4.9850716590881347656;-5
24713000;-4.98638153076171875;-5
24725000;-4.9877085685729980469;-5
24736000;-4.9860968589782714844;-5
24748000;-4.9834084510803222656;-5
24760000;-4.9822235107421875;-5
24772000;-4.9806156158447265625;-5
24784000;-4.9810380935668945312;-5
24795000;-4.9812402725219726562;-5
24807000;-4.9799642562866210938;-5
24818000;-4.9792437553405761719;-5
24830000;-4.9795784950256347656;-5
24841000;-4.9814615249633789062;-5
24853000;-4.9812669754028320312;-5
24864000;-4.9823994636535644531;-5
24877000;-4.98053741455078125;-5
24889000;-4.9819164276123046875;-5
24900000;-4.984180450439453125;-5
24911000;-4.9841122627258300781;-5
24924000;-4.98339080810546875;-5
24935000;-4.9851837158203125;-5
24947000;-4.9838833808898925781;-5
24959000;-4.9862236976623535156;-5
24970000;-4.9835491180419921875;-5
24982000;-4.9814357757568359375;-5
24994000;-4.9826893806457519531;-5
25006000;-4.9826898574829101562;-5
25018000;-4.9823474884033203125;-5
25030000;-4.9831910133361816406;-5
25042000;-4.9838013648986816406;-5
25054000;-4.9835171699523925781;-5
25065000;-4.9831862449645996094;-5
25077000;-4.9829030036926269531;-5
25088000;-4.9823698997497558594;-5
25099000;-4.981052398681640625;-5
