角度 (angle),电流 (current)
-15,63.601348876953125
-15,64.47222900390625
-15,65.91558837890625
-15,65.90787506103515625
-15,66.27654266357421875
-15,65.64376068115234375
-15,65.15572357177734375
-15,61.419261932373046875
-15,62.776885986328125
-15,64.95565032958984375
-15,65.449798583984375
-15,70.845794677734375
-15,61.821628570556640625
-15,64.1430206298828125
-15,67.403472900390625
-15,65.48409271240234375
-15,64.8244171142578125
-15,66.611236572265625
-15,63.89212799072265625
-15,62.265594482421875
-15,70.021331787109375
-15,67.405029296875
-15,64.217926025390625
-15,63.4260406494140625
-15,65.66832733154296875
-15,63.14324951171875
-15,66.793975830078125
-15,64.95566558837890625
-15,67.30716705322265625
-15,65.136749267578125
-15,65.257904052734375
-15,66.0108642578125
-15,66.67366790771484375
-15,60.739856719970703125
-15,63.82831573486328125
-15,67.969696044921875
-15,63.52516937255859375
-15,65.74294281005859375
-15,63.07070159912109375
-15,64.88873291015625
-15,64.67418670654296875
-15,68.81539154052734375
-15,66.60478973388671875
-15,65.97991180419921875
-15,66.95410919189453125
-15,66.93579864501953125
-15,62.3740997314453125
-15,61.14458465576171875
-15,61.73398590087890625
-15,67.9902801513671875
-15,63.33457183837890625
-15,62.205028533935546875
-15,68.3899993896484375
-15,66.664794921875
-15,63.218349456787109375
-15,66.77384185791015625
-15,63.781005859375
-15,63.07209014892578125
-15,64.564483642578125
-15,62.58179473876953125
-15,66.616058349609375
-15,64.99432373046875
-15,64.98412322998046875
-15,67.3631591796875
-15,63.81157684326171875
-15,65.03495025634765625
-15,64.75113677978515625
-15,65.80834197998046875
-15,64.86717987060546875
-15,62.540912628173828125
-15,63.516193389892578125
-15,64.1847076416015625
-15,64.598052978515625
-15,60.7573699951171875
-15,64.9361724853515625
-15,64.592010498046875
-15,66.396881103515625
-15,64.486480712890625
-15,67.5843963623046875
-15,63.9319610595703125
-15,65.34592437744140625
-15,71.20642852783203125
-15,69.2117919921875
-15,65.3118896484375
-15,66.82633209228515625
-15,67.83515167236328125
-15,63.6053466796875
-15,61.231807708740234375
-15,62.59197235107421875
-15,68.27420806884765625
-15,63.685420989990234375
-15,65.03112030029296875
-15,66.84392547607421875
-15,65.924652099609375
-15,64.611297607421875
-15,65.5244293212890625
-15,66.24260711669921875
-15,69.4946441650390625
-15,66.8798370361328125
-15,62.279094696044921875
-15,65.01055145263671875
-15,63.715091705322265625
-15,66.81252288818359375
-15,64.4306488037109375
-15,61.334400177001953125
-15,63.272899627685546875
-15,66.68616485595703125
-15,64.42040252685546875
-15,65.11368560791015625
-15,67.30023956298828125
-15,63.21334075927734375
-15,64.40944671630859375
-15,70.1835479736328125
-15,66.0706634521484375
-15,64.493896484375
-15,62.18236541748046875
-15,62.006282806396484375
-15,61.509128570556640625
-15,61.5182037353515625
-15,64.0474090576171875
-15,62.182373046875
-15,62.22064971923828125
-15,66.8486328125
-15,64.1162872314453125
-15,63.823513031005859375
-15,65.1593170166015625
-15,63.4023284912109375
-15,64.66475677490234375
-15,62.964054107666015625
-15,64.690765380859375
-15,72.111114501953125
-15,65.48398590087890625
-15,65.5933837890625
-15,64.31610107421875
-15,65.02895355224609375
-15,64.67108154296875
-15,67.3480682373046875
-15,66.15949249267578125
-15,69.3948822021484375
-15,67.87602996826171875
-15,69.6128692626953125
-15,67.33417510986328125
-15,60.890941619873046875
-15,61.2753448486328125
-15,68.581939697265625
-15,59.74614715576171875
-15,61.4326629638671875
-15,65.3982086181640625
-15,68.88304901123046875
-15,66.40671539306640625
-15,66.84064483642578125
-15,65.14691162109375
-15,68.9860382080078125
-15,66.58873748779296875
-15,62.783172607421875
-15,66.7584381103515625
-15,64.55306243896484375
-15,64.6847076416015625
-15,65.8941497802734375
-15,66.12076568603515625
-15,62.257251739501953125
-15,68.059295654296875
-15,64.31806182861328125
-15,62.60060882568359375
-15,63.79576873779296875
-15,62.5618896484375
-15,64.93109130859375
-15,64.26251983642578125
-15,64.46722412109375
-15,65.9439239501953125
-15,62.99671173095703125
-15,69.3322906494140625
-15,69.1907806396484375
-15,64.5871124267578125
-15,66.67655181884765625
-15,68.23626708984375
-15,60.875782012939453125
-15,63.371982574462890625
-15,67.75482940673828125
-15,66.205657958984375
-15,64.91027069091796875
-15,64.7628173828125
-15,67.70401763916015625
-15,62.446014404296875
-15,65.0789031982421875
-15,68.60587310791015625
-15,60.013637542724609375
-15,61.84659576416015625
-15,61.602817535400390625
-15,65.23680877685546875
-15,63.3760223388671875
-15,64.8067169189453125
-15,66.156524658203125
-15,68.83461761474609375
-15,67.0172119140625
-15,67.6102294921875
-15,66.07147979736328125
-15,64.99185943603515625
-15,67.360382080078125
-15,64.79872894287109375
-15,60.34865570068359375
-15,64.53647613525390625
-15,66.6353759765625
-15,62.997661590576171875
-15,64.991851806640625
-15,63.2747650146484375
-15,64.0372772216796875
-15,70.31719970703125
-15,63.76309967041015625
-15,65.73430633544921875
-15,63.09454345703125
-15,60.0910186767578125
-15,68.59200286865234375
-15,65.12612152099609375
-15,62.646160125732421875
-15,61.368068695068359375
-15,65.82640838623046875
-15,59.277423858642578125
-15,68.5934295654296875
-15,65.50965118408203125
-15,67.043182373046875
-15,65.50940704345703125
-15,60.00371551513671875
-15,61.254001617431640625
-15,65.1233978271484375
-15,61.603870391845703125
-15,71.05576324462890625
-15,59.352069854736328125
-15,62.406764984130859375
-15,64.067840576171875
-15,63.33526611328125
-15,64.4183197021484375
-15,66.6080780029296875
-15,68.184967041015625
-15,68.66191864013671875
-15,66.5927581787109375
-15,67.479949951171875
-15,61.134471893310546875
-15,67.1992034912109375
-15,69.0354766845703125
-15,64.9957733154296875
-15,69.80118560791015625
-15,65.4990081787109375
-15,62.435321807861328125
-15,67.7745361328125
-15,65.90134429931640625
-15,67.1802520751953125
-15,65.43239593505859375
-15,62.732585906982421875
-15,64.8247528076171875
-15,67.103790283203125
-15,67.697357177734375
-15,68.7314453125
-15,66.43784332275390625
-15,64.83589935302734375
-15,62.220794677734375
-15,65.8188934326171875
-15,66.36215972900390625
-15,67.842193603515625
-15,66.00849151611328125
-15,64.48138427734375
-15,63.47975921630859375
-15,64.85581207275390625
-15,64.465576171875
-15,66.7635955810546875
-15,71.1225738525390625
-15,65.53519439697265625
-15,64.196563720703125
-15,63.75386810302734375
-15,66.0404510498046875
-15,64.16552734375
-15,65.76116943359375
-15,63.801055908203125
-15,65.48671722412109375
-15,63.33405303955078125
-15,65.48668670654296875
-15,64.43738555908203125
-15,63.772434234619140625
-15,62.540279388427734375
-15,64.934906005859375
-15,60.452045440673828125
-15,63.8061981201171875
-15,66.447662353515625
-15,64.4476776123046875
-15,70.03327178955078125
-15,60.581684112548828125
-15,63.09755706787109375
-15,66.0606536865234375
-15,65.03246307373046875
-15,67.485260009765625
-15,63.701129913330078125
-15,63.968128204345703125
-15,64.41237640380859375
-15,65.0032196044921875
-15,64.43959808349609375
-15,64.53343963623046875
-15,63.15338897705078125
-15,60.82592010498046875
-15,63.79329681396484375
-15,64.6835784912109375
-15,65.0517425537109375
-15,69.116119384765625
-15,67.0443267822265625
-15,61.5906524658203125
-15,59.952121734619140625
-15,63.089862823486328125
-15,61.7855987548828125
-15,64.5061187744140625
-15,67.0058746337890625
-15,65.50095367431640625
-15,63.983669281005859375
-15,60.12381744384765625
-15,64.19806671142578125
-15,63.381561279296875
-15,73.60424041748046875
-15,66.57114410400390625
-15,60.690952301025390625
-15,63.76436614990234375
-15,64.1248779296875
-15,60.871429443359375
-15,66.076141357421875
-15,62.6779937744140625
-15,66.95244598388671875
-15,66.42540740966796875
-15,64.27010345458984375
-15,64.7213287353515625
-15,65.4044189453125
-15,58.10257720947265625
-15,63.787502288818359375
-15,65.74565887451171875
-15,63.14960479736328125
-15,61.92211151123046875
-15,62.20194244384765625
-15,63.29437255859375
-15,67.57721710205078125
-15,66.795013427734375
-15,63.551830291748046875
-15,62.9327850341796875
-15,65.9220123291015625
-15,63.896148681640625
-15,67.38457489013671875
-15,67.70763397216796875
-15,61.4163665771484375
-15,65.24161529541015625
-15,63.70084381103515625
-15,63.773845672607421875
-15,61.982692718505859375
-15,66.691253662109375
-15,69.329864501953125
-15,64.33251190185546875
-15,63.73307037353515625
-15,62.9806365966796875
-15,66.40242767333984375
-15,65.548126220703125
-15,64.969512939453125
-15,62.458286285400390625
-15,63.610996246337890625
-15,61.275295257568359375
-15,63.368419647216796875
-15,67.16658782958984375
-15,63.69313812255859375
-15,66.0370941162109375
-15,68.33124542236328125
-15,70.07306671142578125
-15,61.598873138427734375
-15,66.4188995361328125
-15,63.853305816650390625
-15,67.91292572021484375
-15,61.862033843994140625
-15,63.9967193603515625
-15,62.077823638916015625
-15,65.56941986083984375
-15,66.58812713623046875
-15,63.5729522705078125
-15,61.31536865234375
-15,67.86277008056640625
-15,67.802947998046875
-15,66.54108428955078125
-15,67.41159820556640625
-15,66.60903167724609375
-15,63.7482452392578125
-15,61.24814605712890625
-15,63.8288421630859375
-15,64.01116180419921875
-15,66.1949462890625
-15,65.09513092041015625
-15,63.81817626953125
-15,62.048320770263671875
-15,65.3120574951171875
-15,65.62134552001953125
-15,64.4598236083984375
-15,61.670536041259765625
-15,66.64815521240234375
-15,64.04651641845703125
-15,68.9848175048828125
-15,61.319244384765625
-15,61.835880279541015625
-15,64.9522552490234375
-15,67.487762451171875
-15,66.53253936767578125
-15,63.62044525146484375
-15,65.34006500244140625
-15,65.61452484130859375
-15,60.185546875
-15,65.01053619384765625
-15,67.722442626953125
-15,61.6817779541015625
-15,65.71539306640625
-15,68.760894775390625
-15,61.731781005859375
-15,66.6611175537109375
-15,64.25365447998046875
-15,63.719554901123046875
-15,64.98542022705078125
-15,67.00054168701171875
-15,62.868083953857421875
-15,72.83751678466796875
-15,60.0049285888671875
-15,63.579135894775390625
-15,62.151397705078125
-15,68.47953033447265625
-15,66.00988006591796875
-15,64.0774078369140625
-15,70.23772430419921875
-15,72.07465362548828125
-15,67.65521240234375
-15,63.8974609375
-15,64.81011962890625
-15,68.75200653076171875
-15,65.959136962890625
-15,67.71805572509765625
-15,61.3828277587890625
-15,67.2428436279296875
-15,62.953792572021484375
-15,66.74039459228515625
-15,66.618194580078125
-15,61.774921417236328125
-15,65.0718536376953125
-15,66.6890411376953125
-15,62.926830291748046875
-15,66.84108734130859375
-15,60.81683349609375
-15,64.76195526123046875
-15,67.30910491943359375
-15,62.17772674560546875
-15,64.16854095458984375
-15,63.8113861083984375
-15,62.89681243896484375
-15,59.893951416015625
-15,66.83614349365234375
-15,63.394744873046875
-15,68.664764404296875
-15,63.4878387451171875
-15,68.95192718505859375
-15,61.364322662353515625
-15,59.688720703125
-15,63.367725372314453125
-15,66.38039398193359375
-15,66.21375274658203125
-15,66.20113372802734375
-15,65.61688232421875
-15,67.05519866943359375
-15,66.71598052978515625
-15,68.21852874755859375
-15,65.27703857421875
-15,62.820316314697265625
-15,63.2613525390625
-15,65.4008941650390625
-15,63.878551483154296875
-15,67.323150634765625
-15,66.51361083984375
-15,64.52295684814453125
-15,66.190826416015625
-15,66.53984832763671875
-15,62.73580169677734375
-15,65.42520904541015625
-15,63.59941864013671875
-15,64.52437591552734375
-15,68.76087188720703125
-15,64.4720611572265625
-15,64.33283233642578125
-15,67.810943603515625
-15,65.59332275390625
-15,65.230010986328125
-15,63.041172027587890625
-15,64.9501953125
-15,67.2613372802734375
-15,63.38698577880859375
-15,67.4392242431640625
-15,64.2397003173828125
-15,67.34149932861328125
-15,64.94589996337890625
-15,64.36083984375
-15,62.704845428466796875
-15,65.061279296875
-15,68.56644439697265625
-15,62.27515411376953125
-15,66.368194580078125
-15,61.7353515625
-15,64.57569122314453125
-15,67.5803680419921875
-15,66.9092254638671875
-15,71.55471038818359375
-15,68.3251495361328125
-15,62.7288665771484375
-15,57.448272705078125
-15,63.4210968017578125
-15,67.5484619140625
-15,64.50318145751953125
-15,61.7742919921875
-15,62.44891357421875
-15,66.4365234375
-15,61.641468048095703125
-15,63.644748687744140625
-15,64.9411163330078125
-15,66.0756378173828125
-15,66.46598052978515625
-15,59.8637237548828125
-15,64.3471527099609375
-15,64.48035430908203125
-15,71.3046112060546875
-15,67.9154815673828125
-15,63.96753692626953125
-15,64.1088104248046875
-15,62.7084808349609375
-15,66.33814239501953125
-15,64.6303863525390625
-15,69.2991485595703125
-15,65.87152099609375
-15,64.62480926513671875
-15,65.384429931640625
-15,65.1339874267578125
-15,65.94472503662109375
-15,64.60943603515625
-15,62.342220306396484375
-15,64.01061248779296875
-15,63.98841094970703125
-15,65.0011749267578125
-15,65.53932952880859375
-15,62.9444427490234375
-15,62.324123382568359375
-15,64.9844512939453125
-15,63.016082763671875
-15,61.7972564697265625
-15,65.473968505859375
-15,61.51129913330078125
-15,63.626995086669921875
-15,64.68552398681640625
-15,65.080047607421875
-15,63.088451385498046875
-15,63.516155242919921875
-15,60.88735198974609375
-15,62.9615325927734375
-15,60.239276885986328125
-15,66.004241943359375
-15,68.701202392578125
-15,62.1586456298828125
-15,62.452667236328125
-15,64.73256683349609375
-15,63.40813446044921875
-15,62.2505035400390625
-15,63.7098846435546875
-15,63.7246246337890625
-15,63.086643218994140625
-15,62.21352386474609375
-15,59.536586761474609375
-15,64.99468994140625
-15,66.1000823974609375
-15,65.176666259765625
-15,66.06488037109375
-15,61.778964996337890625
-15,66.4017791748046875
-15,64.2547607421875
-15,62.438472747802734375
-15,60.886474609375
-15,64.607208251953125
-15,65.675323486328125
-15,68.97446441650390625
-15,67.76847076416015625
-15,62.810039520263671875
-15,61.82440948486328125
-15,66.84725189208984375
-15,59.538951873779296875
-15,66.541046142578125
-15,65.25799560546875
-15,62.444683074951171875
-15,65.65972137451171875
-15,65.01726531982421875
-15,64.800140380859375
-15,66.03166961669921875
-15,66.5823516845703125
-15,64.817230224609375
-15,62.451419830322265625
-15,62.99282073974609375
-15,62.287220001220703125
-15,62.192188262939453125
-15,65.27972412109375
-15,66.27178192138671875
-15,61.26911163330078125
-15,64.15373992919921875
-15,62.88191986083984375
-15,61.1281280517578125
-15,66.28790283203125
-15,64.30480194091796875
-15,62.163295745849609375
-15,65.19098663330078125
-15,62.503810882568359375
-15,63.797588348388671875
-15,61.885570526123046875
-15,57.2480010986328125
-15,63.732509613037109375
-15,63.10631561279296875
-15,63.733654022216796875
-15,60.678562164306640625
-15,65.5482940673828125
-15,62.858795166015625
-15,64.71257781982421875
-15,64.27477264404296875
-15,63.14794158935546875
-15,60.084934234619140625
-15,64.8236236572265625
-15,63.515045166015625
-15,67.0076141357421875
-15,62.151035308837890625
-15,64.4876708984375
-15,64.8138427734375
-15,63.45733642578125
-15,63.851337432861328125
-15,63.29364776611328125
-15,61.9345855712890625
-15,64.35985565185546875
-15,68.40204620361328125
-15,65.95084381103515625
-15,62.873989105224609375
-15,66.3756256103515625
-15,61.5902862548828125
-15,61.45374298095703125
-15,60.904254913330078125
-15,64.1196136474609375
-15,66.97977447509765625
-15,65.71540069580078125
-15,67.891815185546875
-15,63.20081329345703125
-15,68.6722259521484375
-15,64.28228759765625
-15,71.31243133544921875
-15,64.9831695556640625
-15,63.58267974853515625
-15,67.8567047119140625
-15,66.143890380859375
-15,61.72095489501953125
-15,67.778533935546875
-15,66.4392547607421875
-15,64.1479034423828125
-15,63.50897979736328125
-15,65.1820526123046875
-15,63.085193634033203125
-15,68.46419525146484375
-15,68.49114227294921875
-15,66.39347076416015625
-15,66.64508819580078125
-15,64.49493408203125
-15,60.7961883544921875
-15,68.31481170654296875
-15,65.89186859130859375
-15,66.78350067138671875
-15,67.2502288818359375
-15,64.55855560302734375
-15,60.01648712158203125
-15,66.37483978271484375
-15,62.5375823974609375
-15,60.213043212890625
-15,63.75872039794921875
-15,65.06505584716796875
-15,62.459484100341796875
-15,70.025665283203125
-15,65.8840484619140625
-15,65.02392578125
-15,63.69910430908203125
-10,557.685302734375
-10,538.9222412109375
-10,525.0682373046875
-10,543.2806396484375
-10,574.35296630859375
-10,576.39703369140625
-10,555.98309326171875
-10,546.8221435546875
-10,559.76446533203125
-10,565.38873291015625
-10,560.38787841796875
-10,552.71746826171875
-10,555.93701171875
-10,560.679443359375
-10,567.70751953125
-10,553.5682373046875
-10,550.37310791015625
-10,560.02130126953125
-10,570.17779541015625
-10,558.50030517578125
-10,552.5830078125
-10,555.25836181640625
-10,562.52996826171875
-10,560.58135986328125
-10,555.36236572265625
-10,552.52679443359375
-10,556.71319580078125
-10,563.51617431640625
-10,553.09576416015625
-10,547.9019775390625
-10,550.16363525390625
-10,567.82891845703125
-10,558.50128173828125
-10,551.540771484375
-10,556.25921630859375
-10,559.52447509765625
-10,559.63232421875
-10,562.567626953125
-10,557.32342529296875
-10,554.54425048828125
-10,559.17864990234375
-10,560.0299072265625
-10,557.34912109375
-10,557.49066162109375
-10,560.66046142578125
-10,565.850830078125
-10,559.773681640625
-10,558.0263671875
-10,554.8212890625
-10,560.55474853515625
-10,558.7174072265625
-10,553.12042236328125
-10,558.8109130859375
-10,559.04302978515625
-10,564.8773193359375
-10,558.9754638671875
-10,559.67523193359375
-10,558.1937255859375
-10,557.94488525390625
-10,560.7154541015625
-10,555.492431640625
-10,559.31146240234375
-10,559.83770751953125
-10,557.98968505859375
-10,556.9718017578125
-10,556.0169677734375
-10,558.6246337890625
-10,560.72283935546875
-10,559.5994873046875
-10,558.3668212890625
-10,558.40020751953125
-10,557.423583984375
-10,560.74334716796875
-10,557.7626953125
-10,553.66888427734375
-10,561.2325439453125
-10,557.18194580078125
-10,558.3826904296875
-10,557.1038818359375
-10,556.05767822265625
-10,558.59429931640625
-10,555.3790283203125
-10,555.08648681640625
-10,560.44500732421875
-10,561.30712890625
-10,558.45123291015625
-10,564.04351806640625
-10,557.95556640625
-10,554.7154541015625
-10,558.26666259765625
-10,558.25244140625
-10,557.0679931640625
-10,560.21612548828125
-10,556.8741455078125
-10,560.28863525390625
-10,559.22735595703125
-10,557.173828125
-10,562.480712890625
-10,557.444091796875
-10,554.61895751953125
-10,554.97119140625
-10,560.0811767578125
-10,556.3162841796875
-10,559.37847900390625
-10,558.4136962890625
-10,560.34014892578125
-10,558.7601318359375
-10,557.67022705078125
-10,556.7391357421875
-10,558.29071044921875
-10,558.029296875
-10,559.07574462890625
-10,554.248779296875
-10,559.15472412109375
-10,561.65386962890625
-10,557.95849609375
-10,561.910888671875
-10,559.6888427734375
-10,562.08306884765625
-10,556.80340576171875
-10,558.36480712890625
-10,561.46917724609375
-10,561.92120361328125
-10,560.71148681640625
-10,556.1016845703125
-10,559.18316650390625
-10,561.19573974609375
-10,561.715576171875
-10,554.98681640625
-10,556.4364013671875
-10,561.970458984375
-10,557.5792236328125
-10,562.57373046875
-10,560.77081298828125
-10,560.97857666015625
-10,559.74554443359375
-10,560.548828125
-10,557.96942138671875
-10,562.415771484375
-10,559.49761962890625
-10,555.221435546875
-10,555.09051513671875
-10,560.97369384765625
-10,558.89306640625
-10,564.391845703125
-10,559.02325439453125
-10,559.62548828125
-10,559.01422119140625
-10,560.5435791015625
-10,559.5045166015625
-10,553.96319580078125
-10,556.7401123046875
-10,554.5972900390625
-10,557.5850830078125
-10,557.70947265625
-10,558.47821044921875
-10,559.36920166015625
-10,560.19744873046875
-10,562.1837158203125
-10,558.219970703125
-10,554.1903076171875
-10,560.19598388671875
-10,561.53717041015625
-10,560.4954833984375
-10,557.3446044921875
-10,560.1300048828125
-10,561.3685302734375
-10,555.9306640625
-10,557.7476806640625
-10,560.4478759765625
-10,563.53277587890625
-10,561.6201171875
-10,559.50213623046875
-10,560.0709228515625
-10,559.88360595703125
-10,561.15460205078125
-10,557.39447021484375
-10,560.021484375
-10,558.6678466796875
-10,559.032470703125
-10,559.22991943359375
-10,557.97308349609375
-10,559.9852294921875
-10,559.22412109375
-10,558.90936279296875
-10,557.3602294921875
-10,559.350830078125
-10,560.95159912109375
-10,559.70831298828125
-10,558.7862548828125
-10,555.69854736328125
-10,556.16180419921875
-10,557.3165283203125
-10,562.235595703125
-10,561.18707275390625
-10,560.07696533203125
-10,560.95135498046875
-10,561.5552978515625
-10,560.0986328125
-10,558.30865478515625
-10,561.65911865234375
-10,556.9815673828125
-10,556.85260009765625
-10,561.69268798828125
-10,558.52655029296875
-10,561.34088134765625
-10,556.76446533203125
-10,560.43768310546875
-10,560.27679443359375
-10,561.999267578125
-10,561.503662109375
-10,556.825927734375
-10,560.46807861328125
-10,557.400146484375
-10,557.19049072265625
-10,558.06036376953125
-10,561.8570556640625
-10,559.70526123046875
-10,556.67901611328125
-10,560.5042724609375
-10,560.31134033203125
-10,561.203857421875
-10,562.58551025390625
-10,559.29833984375
-10,560.4930419921875
-10,556.013916015625
-10,561.2041015625
-10,558.4410400390625
-10,560.7767333984375
-10,556.8912353515625
-10,559.10821533203125
-10,556.522705078125
-10,557.53790283203125
-10,558.7901611328125
-10,561.2142333984375
-10,560.31597900390625
-10,564.93621826171875
-10,561.516845703125
-10,560.9044189453125
-10,558.379150390625
-10,559.7303466796875
-10,561.18109130859375
-10,559.983642578125
-10,564.4173583984375
-10,560.9002685546875
-10,562.87689208984375
-10,558.8145751953125
-10,555.00238037109375
-10,558.66937255859375
-10,554.2166748046875
-10,560.233154296875
-10,561.63299560546875
-10,558.6688232421875
-10,560.886962890625
-10,555.02349853515625
-10,559.35784912109375
-10,561.54827880859375
-10,561.998779296875
-10,560.794921875
-10,562.34356689453125
-10,561.63800048828125
-10,558.4908447265625
-10,561.3033447265625
-10,559.02178955078125
-10,558.98553466796875
-10,561.294189453125
-10,557.65924072265625
-10,566.16522216796875
-10,562.9276123046875
-10,557.65985107421875
-10,560.1571044921875
-10,564.845458984375
-10,559.669921875
-10,557.873779296875
-10,557.57647705078125
-10,559.81182861328125
-10,559.4107666015625
-10,562.9765625
-10,558.4923095703125
-10,562.23968505859375
-10,557.75738525390625
-10,558.7054443359375
-10,562.083984375
-10,562.450439453125
-10,557.80279541015625
-10,560.6925048828125
-10,557.36090087890625
-10,557.69293212890625
-10,559.24761962890625
-10,559.1004638671875
-10,560.6495361328125
-10,558.4755859375
-10,560.64276123046875
-10,558.12408447265625
-10,560.64105224609375
-10,554.8861083984375
-10,562.364990234375
-10,557.6451416015625
-10,561.36956787109375
-10,557.1444091796875
-10,558.80621337890625
-10,558.9521484375
-10,555.5277099609375
-10,560.3519287109375
-10,564.9246826171875
-10,557.2764892578125
-10,559.221435546875
-10,559.63079833984375
-10,554.46209716796875
-10,562.68255615234375
-10,561.122314453125
-10,559.073974609375
-10,558.1004638671875
-10,560.85906982421875
-10,558.33563232421875
-10,557.94976806640625
-10,563.47650146484375
-10,562.53912353515625
-10,559.3355712890625
-10,559.38470458984375
-10,563.46142578125
-10,561.34661865234375
-10,561.18975830078125
-10,558.3653564453125
-10,562.6309814453125
-10,559.84698486328125
-10,561.014404296875
-10,558.98291015625
-10,560.37847900390625
-10,559.278076171875
-10,562.3563232421875
-10,561.2569580078125
-10,558.2882080078125
-10,561.55633544921875
-10,558.56634521484375
-10,554.92535400390625
-10,562.63494873046875
-10,560.8238525390625
-10,561.7144775390625
-10,564.40826416015625
-10,565.705810546875
-10,559.1903076171875
-10,557.01708984375
-10,560.4537353515625
-10,559.429443359375
-10,558.12664794921875
-10,554.800048828125
-10,559.83392333984375
-10,560.1064453125
-10,563.448486328125
-10,555.38763427734375
-10,562.41595458984375
-10,560.2657470703125
-10,560.4520263671875
-10,557.87060546875
-10,559.51263427734375
-10,558.84454345703125
-10,560.070068359375
-10,562.974609375
-10,559.8692626953125
-10,559.26580810546875
-10,561.72979736328125
-10,562.03533935546875
-10,559.50189208984375
-10,560.3646240234375
-10,560.54638671875
-10,557.58892822265625
-10,556.729248046875
-10,562.96942138671875
-10,560.6715087890625
-10,562.49163818359375
-10,560.4788818359375
-10,558.18463134765625
-10,559.8428955078125
-10,560.6680908203125
-10,560.72967529296875
-10,561.39068603515625
-10,560.26910400390625
-10,559.06121826171875
-10,558.5572509765625
-10,558.1929931640625
-10,556.8795166015625
-10,561.07476806640625
-10,559.47491455078125
-10,562.8232421875
-10,561.9615478515625
-10,562.00726318359375
-10,559.4014892578125
-10,559.82373046875
-10,554.847900390625
-10,559.27239990234375
-10,561.47900390625
-10,556.5452880859375
-10,561.03302001953125
-10,558.5562744140625
-10,559.4456787109375
-10,556.014892578125
-10,561.16064453125
-10,556.478759765625
-10,560.13006591796875
-10,561.79412841796875
-10,557.95220947265625
-10,563.53857421875
-10,558.8533935546875
-10,559.08319091796875
-10,559.06884765625
-10,563.8013916015625
-10,560.84375
-10,558.4696044921875
-10,559.1636962890625
-10,558.5087890625
-10,559.82000732421875
-10,557.10333251953125
-10,561.357666015625
-10,559.71820068359375
-10,559.328857421875
-10,559.5018310546875
-10,561.464111328125
-10,560.3447265625
-10,557.78515625
-10,561.5284423828125
-10,558.38787841796875
-10,559.0699462890625
-10,561.82257080078125
-10,562.16339111328125
-10,562.35235595703125
-10,557.63726806640625
-10,559.4200439453125
-10,559.291259765625
-10,559.17828369140625
-5,1058.62548828125
-5,1051.1915283203125
-5,979.50018310546875
-5,843.155517578125
-5,736.0966796875
-5,706.5263671875
-5,745.08905029296875
-5,791.2515869140625
-5,786.5048828125
-5,768.059326171875
-5,765.88775634765625
-5,752.360595703125
-5,743.75677490234375
-5,767.5218505859375
-5,823.12158203125
-5,857.70941162109375
-5,861.9150390625
-5,853.03399658203125
-5,849.830810546875
-5,850.22900390625
-5,856.9305419921875
-5,852.747802734375
-5,850.073974609375
-5,852.5069580078125
-5,859.761962890625
-5,851.9984130859375
-5,847.92535400390625
-5,844.89013671875
-5,849.889892578125
-5,856.714111328125
-5,850.200927734375
-5,850.5205078125
-5,852.31695556640625
-5,853.670654296875
-5,852.7684326171875
-5,852.16156005859375
-5,854.77117919921875
-5,856.99273681640625
-5,856.64617919921875
-5,852.3809814453125
-5,849.843505859375
-5,850.850341796875
-5,853.40814208984375
-5,853.4976806640625
-5,856.787841796875
-5,849.508056640625
-5,851.021484375
-5,847.08258056640625
-5,850.69158935546875
-5,853.9324951171875
-5,858.41729736328125
-5,853.10614013671875
-5,851.275634765625
-5,849.7401123046875
-5,852.81256103515625
-5,851.9556884765625
-5,851.8323974609375
-5,853.221923828125
-5,851.1322021484375
-5,856.3658447265625
-5,852.8076171875
-5,853.13238525390625
-5,850.0177001953125
-5,852.71234130859375
-5,850.5166015625
-5,851.762939453125
-5,852.3228759765625
-5,849.49188232421875
-5,855.7515869140625
-5,848.3582763671875
-5,850.947265625
-5,851.79296875
-5,853.37188720703125
-5,852.627685546875
-5,853.5989990234375
-5,848.7261962890625
-5,851.56304931640625
-5,849.01544189453125
-5,851.68695068359375
-5,850.75018310546875
-5,854.59588623046875
-5,850.92681884765625
-5,847.68402099609375
-5,855.34820556640625
-5,850.17236328125
-5,858.206298828125
-5,852.2919921875
-5,855.00372314453125
-5,855.0540771484375
-5,849.40924072265625
-5,853.5068359375
-5,853.406982421875
-5,850.21295166015625
-5,857.72698974609375
-5,854.4769287109375
-5,852.22955322265625
-5,852.9051513671875
-5,852.6458740234375
-5,856.619140625
-5,854.78076171875
-5,850.73638916015625
-5,849.38507080078125
-5,852.47930908203125
-5,854.3140869140625
-5,847.027099609375
-5,854.36370849609375
-5,848.672607421875
-5,851.9775390625
-5,855.1055908203125
-5,858.10107421875
-5,851.40252685546875
-5,850.8238525390625
-5,854.9248046875
-5,853.06097412109375
-5,849.6795654296875
-5,854.87799072265625
-5,853.2464599609375
-5,848.1026611328125
-5,851.9085693359375
-5,851.42138671875
-5,853.6351318359375
-5,854.8309326171875
-5,851.91522216796875
-5,850.11651611328125
-5,853.32464599609375
-5,850.25750732421875
-5,851.54351806640625
-5,850.98968505859375
-5,852.55859375
-5,850.909912109375
-5,852.388427734375
-5,852.2579345703125
-5,849.337158203125
-5,852.9462890625
-5,855.5360107421875
-5,849.80096435546875
-5,848.9287109375
-5,854.876708984375
-5,851.46533203125
-5,851.084716796875
-5,852.77557373046875
-5,854.958251953125
-5,851.975341796875
-5,852.72393798828125
-5,850.1641845703125
-5,848.8572998046875
-5,852.7646484375
-5,856.1446533203125
-5,851.50262451171875
-5,851.0831298828125
-5,856.6943359375
-5,851.07391357421875
-5,851.18212890625
-5,857.0029296875
-5,855.3428955078125
-5,850.4327392578125
-5,854.103271484375
-5,855.557861328125
-5,852.0235595703125
-5,852.5218505859375
-5,856.06170654296875
-5,850.32403564453125
-5,851.53814697265625
-5,847.9869384765625
-5,852.28759765625
-5,852.499755859375
-5,852.63311767578125
-5,854.6087646484375
-5,855.854736328125
-5,850.9066162109375
-5,856.375244140625
-5,851.776611328125
-5,858.857666015625
-5,847.1536865234375
-5,851.577392578125
-5,853.122802734375
-5,851.2025146484375
-5,855.93212890625
-5,851.10833740234375
-5,849.65789794921875
-5,848.97637939453125
-5,855.45416259765625
-5,851.8231201171875
-5,851.834228515625
-5,849.39996337890625
-5,860.1761474609375
-5,854.3594970703125
-5,852.34344482421875
-5,849.1326904296875
-5,856.759033203125
-5,849.15472412109375
-5,853.464111328125
-5,848.9691162109375
-5,850.1759033203125
-5,856.3741455078125
-5,853.62554931640625
-5,847.201904296875
-5,852.5439453125
-5,851.6781005859375
-5,852.14471435546875
-5,850.399658203125
-5,849.87640380859375
-5,854.16351318359375
-5,849.6607666015625
-5,849.78399658203125
-5,853.809814453125
-5,851.04888916015625
-5,853.611328125
-5,853.94500732421875
-5,853.0296630859375
-5,851.77423095703125
-5,850.9744873046875
-5,847.855712890625
-5,850.6558837890625
-5,852.591552734375
-5,852.76800537109375
-5,851.79296875
-5,852.02142333984375
-5,854.088623046875
-5,857.2684326171875
-5,851.89013671875
-5,855.38140869140625
-5,851.59515380859375
-5,849.56451416015625
-5,848.245849609375
-5,852.322998046875
-5,851.4705810546875
-5,851.7874755859375
-5,850.571044921875
-5,853.4283447265625
-5,856.26580810546875
-5,853.987060546875
-5,848.144287109375
-5,846.914306640625
-5,852.331787109375
-5,848.62847900390625
-5,853.9405517578125
-5,846.6240234375
-5,851.45208740234375
-5,851.55645751953125
-5,852.6737060546875
-5,850.2734375
-5,851.5689697265625
-5,852.7061767578125
-5,853.2545166015625
-5,856.01873779296875
-5,849.926513671875
-5,848.5164794921875
-5,854.97406005859375
-5,848.685791015625
-5,848.687255859375
-5,851.7156982421875
-5,850.5294189453125
-5,851.879638671875
-5,848.192138671875
-5,851.7872314453125
-5,854.301513671875
-5,853.0592041015625
-5,850.860107421875
-5,851.49383544921875
-5,849.890380859375
-5,850.8695068359375
-5,849.13134765625
-5,851.49530029296875
-5,851.4320068359375
-5,852.29180908203125
-5,854.96533203125
-5,853.91265869140625
-5,848.1334228515625
-5,851.9049072265625
-5,850.6375732421875
-5,849.1153564453125
-5,852.62689208984375
0,1350.3076171875
0,1268.286376953125
0,1188.02197265625
0,1102.8843994140625
0,1014.45404052734375
0,924.19891357421875
0,851.88629150390625
0,819.738525390625
0,819.17169189453125
0,820.66455078125
0,792.5350341796875
0,773.712646484375
0,803.97265625
0,843.5650634765625
0,884.34234619140625
0,926.30242919921875
0,962.08740234375
0,974.1455078125
0,977.1365966796875
0,990.19659423828125
0,980.7552490234375
0,973.06024169921875
0,966.39105224609375
0,951.68914794921875
0,924.8631591796875
0,919.80560302734375
0,938.79296875
0,954.8544921875
0,960.3497314453125
0,965.2578125
0,962.08917236328125
0,953.16827392578125
0,955.90875244140625
0,945.60009765625
0,930.859619140625
0,906.4520263671875
0,901.43798828125
0,905.208251953125
0,913.42950439453125
0,905.09552001953125
0,879.86376953125
0,871.38494873046875
0,881.8211669921875
0,897.4671630859375
0,906.30303955078125
0,894.4505615234375
0,887.05108642578125
0,879.844970703125
0,878.04046630859375
0,893.24920654296875
0,903.45428466796875
0,914.38568115234375
0,905.47125244140625
0,899.518798828125
0,895.65667724609375
0,908.943603515625
0,910.65460205078125
0,903.2396240234375
0,901.1424560546875
0,901.8634033203125
0,909.3697509765625
0,914.005859375
0,907.67022705078125
0,903.13427734375
0,905.87921142578125
0,909.9208984375
0,904.55316162109375
0,903.40185546875
0,903.58343505859375
0,909.7689208984375
0,906.44781494140625
0,901.547607421875
0,904.4710693359375
0,907.80975341796875
0,904.07379150390625
0,903.6932373046875
0,904.3935546875
0,907.920654296875
0,909.3365478515625
0,905.26702880859375
0,905.2508544921875
0,908.1680908203125
0,906.41351318359375
0,902.54669189453125
0,902.78387451171875
0,908.655029296875
0,907.8385009765625
0,912.63970947265625
0,905.509521484375
0,903.02032470703125
0,904.10491943359375
0,906.1636962890625
0,902.33673095703125
0,904.49365234375
0,903.031494140625
0,904.2684326171875
0,906.89056396484375
0,908.028076171875
0,904.5855712890625
0,908.55889892578125
0,907.50439453125
0,909.66314697265625
0,906.14471435546875
0,902.75970458984375
0,907.38800048828125
0,907.45111083984375
0,908.6458740234375
0,910.41357421875
0,906.8861083984375
0,905.1597900390625
0,906.27374267578125
0,904.36346435546875
0,907.4560546875
0,905.66192626953125
0,908.072509765625
0,906.8277587890625
0,912.18701171875
0,907.6163330078125
0,910.50115966796875
0,903.8402099609375
0,904.62066650390625
0,908.87261962890625
0,907.816650390625
0,905.1373291015625
0,905.947021484375
0,908.91510009765625
0,905.940673828125
0,908.590087890625
0,904.35357666015625
0,905.29638671875
0,906.94287109375
0,905.759033203125
0,911.57891845703125
0,906.256591796875
0,906.68585205078125
0,905.20947265625
0,905.73333740234375
0,907.0377197265625
0,906.50152587890625
0,908.47113037109375
0,906.5357666015625
0,905.85577392578125
0,904.31121826171875
0,908.96600341796875
0,907.28997802734375
0,907.1756591796875
0,904.966552734375
0,908.3443603515625
0,909.2420654296875
0,905.46826171875
0,904.376708984375
0,909.810302734375
0,909.3612060546875
0,904.0462646484375
0,904.3017578125
0,911.5137939453125
0,912.2628173828125
0,905.68902587890625
0,907.810791015625
0,906.07427978515625
0,903.732177734375
0,905.9451904296875
0,905.695068359375
0,903.953857421875
0,907.8890380859375
0,908.23388671875
0,906.4093017578125
0,909.80462646484375
0,910.14794921875
0,908.18408203125
0,904.2779541015625
0,908.23492431640625
0,902.94140625
0,908.893310546875
0,902.0963134765625
0,909.19219970703125
0,904.462158203125
0,908.48760986328125
0,907.524169921875
0,903.28582763671875
0,909.53155517578125
0,903.2025146484375
0,910.31610107421875
0,908.36053466796875
0,908.2255859375
0,907.38739013671875
0,909.1729736328125
0,907.4571533203125
0,902.29119873046875
0,909.21441650390625
0,909.75311279296875
0,907.97412109375
0,907.659423828125
0,907.50701904296875
0,907.71337890625
0,904.49713134765625
0,908.5665283203125
0,903.97900390625
0,909.396728515625
0,906.8135986328125
0,908.7908935546875
0,910.7906494140625
0,905.28753662109375
0,909.82269287109375
0,908.287841796875
0,910.7208251953125
0,908.252197265625
0,905.0211181640625
0,905.88134765625
0,907.7060546875
0,909.6771240234375
0,907.95379638671875
0,907.31256103515625
0,906.21331787109375
0,907.3160400390625
0,907.0313720703125
0,904.86846923828125
0,909.52239990234375
0,910.01153564453125
0,904.67193603515625
0,903.59765625
0,908.03759765625
0,902.08135986328125
0,906.53009033203125
0,908.20556640625
0,903.15673828125
0,906.031982421875
0,904.63311767578125
0,905.85107421875
0,905.73388671875
0,905.254638671875
0,906.4691162109375
0,908.325439453125
0,905.81024169921875
0,904.18951416015625
0,907.0091552734375
0,904.23028564453125
0,905.386474609375
0,904.9615478515625
0,905.556396484375
0,906.4716796875
0,897.9368896484375
0,907.3118896484375
0,906.9345703125
0,905.6783447265625
0,906.8917236328125
0,905.34417724609375
0,900.02496337890625
0,902.60546875
0,903.50274658203125
0,906.3218994140625
0,903.96429443359375
0,904.383056640625
0,908.69476318359375
5,1409.35009765625
5,1386.1785888671875
5,1281.8641357421875
5,1184.0211181640625
5,1099.177490234375
5,1022.50335693359375
5,964.6314697265625
5,923.0853271484375
5,928.62908935546875
5,961.49951171875
5,974.7044677734375
5,970.5128173828125
5,929.79443359375
5,911.96075439453125
5,911.36236572265625
5,942.2862548828125
5,980.5625
5,1017.0177001953125
5,1044.467529296875
5,1073.093994140625
5,1072.4439697265625
5,1062.3961181640625
5,1050.901123046875
5,1060.7740478515625
5,1070.0555419921875
5,1064.2659912109375
5,1058.1904296875
5,1056.861328125
5,1066.1109619140625
5,1066.267333984375
5,1059.709228515625
5,1055.503662109375
5,1052.1739501953125
5,1063.9840087890625
5,1064.597900390625
5,1058.003662109375
5,1054.6107177734375
5,1060.8466796875
5,1065.661865234375
5,1063.229736328125
5,1055.7371826171875
5,1055.69873046875
5,1064.6617431640625
5,1067.4083251953125
5,1056.190185546875
5,1057.538818359375
5,1059.1741943359375
5,1063.6512451171875
5,1057.6248779296875
5,1054.538818359375
5,1060.8463134765625
5,1063.54931640625
5,1062.51806640625
5,1060.19873046875
5,1056.8912353515625
5,1056.276123046875
5,1055.1060791015625
5,1066.6553955078125
5,1055.427490234375
5,1057.7083740234375
5,1060.6407470703125
5,1058.9627685546875
5,1060.432861328125
5,1058.3167724609375
5,1058.529541015625
5,1059.093017578125
5,1056.4130859375
5,1059.8153076171875
5,1059.729248046875
5,1059.747802734375
5,1057.7769775390625
5,1056.74169921875
5,1055.5919189453125
5,1062.7464599609375
5,1060.8720703125
5,1055.8369140625
5,1060.3427734375
5,1060.3426513671875
5,1054.9580078125
5,1059.9305419921875
5,1055.9769287109375
5,1056.3006591796875
5,1061.3873291015625
5,1057.44775390625
5,1059.481201171875
5,1053.1102294921875
5,1058.637451171875
5,1058.79296875
5,1063.30615234375
5,1057.15869140625
5,1056.4326171875
5,1059.7733154296875
5,1056.978515625
5,1056.607177734375
5,1059.1968994140625
5,1061.0858154296875
5,1059.3250732421875
5,1063.8204345703125
5,1058.4638671875
5,1062.4412841796875
5,1059.29541015625
5,1056.7115478515625
5,1057.39111328125
5,1062.1513671875
5,1062.172119140625
5,1062.4803466796875
5,1056.8125
5,1062.0537109375
5,1057.1348876953125
5,1060.4244384765625
5,1059.635498046875
5,1058.250244140625
5,1059.1861572265625
5,1061.576904296875
5,1060.638427734375
5,1060.8385009765625
5,1056.2076416015625
5,1057.2552490234375
5,1054.5482177734375
5,1058.9906005859375
5,1056.283203125
5,1060.56591796875
5,1062.539794921875
5,1057.21484375
5,1058.5318603515625
5,1058.2750244140625
5,1058.259033203125
5,1058.162353515625
5,1056.229736328125
5,1058.170654296875
5,1057.659423828125
5,1059.625
5,1056.09228515625
5,1054.8839111328125
5,1055.3328857421875
5,1055.822998046875
5,1058.93408203125
5,1058.8726806640625
5,1055.601318359375
5,1055.2720947265625
5,1056.9708251953125
5,1058.7481689453125
5,1057.475830078125
5,1061.322265625
5,1058.246337890625
5,1059.5718994140625
5,1057.9200439453125
5,1054.69140625
5,1056.417724609375
5,1058.268798828125
5,1056.3997802734375
5,1058.6192626953125
5,1054.49072265625
5,1060.427490234375
5,1060.05419921875
5,1059.19189453125
5,1060.002197265625
5,1059.2783203125
5,1060.077880859375
5,1056.603271484375
5,1056.1033935546875
5,1058.1138916015625
5,1056.321044921875
5,1055.2100830078125
5,1057.1544189453125
5,1055.5325927734375
5,1061.0355224609375
5,1058.181884765625
5,1058.6080322265625
5,1056.7725830078125
5,1061.06494140625
5,1057.4512939453125
5,1056.1405029296875
5,1054.822265625
5,1059.6390380859375
5,1056.29248046875
5,1057.26611328125
5,1059.552001953125
5,1056.6181640625
5,1060.034423828125
5,1060.4932861328125
5,1055.412353515625
5,1055.357421875
5,1056.360107421875
5,1060.56103515625
5,1059.0955810546875
5,1052.784912109375
5,1057.49072265625
5,1058.2259521484375
5,1060.7769775390625
5,1058.80859375
5,1058.1767578125
5,1053.9625244140625
5,1055.12890625
5,1062.64453125
5,1055.4344482421875
5,1058.402587890625
5,1060.6383056640625
5,1058.7369384765625
5,1059.0345458984375
5,1057.044189453125
5,1057.5262451171875
5,1058.4532470703125
5,1060.03369140625
5,1058.7568359375
5,1060.618408203125
5,1057.354248046875
5,1063.05322265625
5,1056.5712890625
5,1059.7025146484375
5,1056.94091796875
5,1057.5977783203125
5,1059.707763671875
5,1054.0587158203125
5,1054.764892578125
5,1057.683349609375
5,1057.6500244140625
5,1054.939697265625
5,1056.2408447265625
5,1059.060302734375
5,1056.727783203125
5,1056.720458984375
5,1056.8309326171875
5,1059.7178955078125
5,1054.3115234375
5,1059.926513671875
5,1053.6451416015625
5,1059.02099609375
5,1059.184326171875
5,1055.3797607421875
5,1059.962158203125
5,1056.1241455078125
5,1060.8748779296875
5,1057.82861328125
5,1059.6513671875
5,1054.380126953125
5,1056.5684814453125
5,1061.793701171875
5,1062.28662109375
5,1057.6640625
5,1058.7706298828125
5,1060.529296875
5,1055.617919921875
5,1057.45068359375
5,1057.9560546875
5,1056.38525390625
5,1055.4287109375
5,1055.297119140625
5,1056.968505859375
5,1058.2781982421875
5,1056.076416015625
5,1055.8533935546875
5,1055.5684814453125
5,1057.9215087890625
5,1062.928466796875
5,1061.54345703125
5,1056.680419921875
5,1057.990478515625
5,1058.986572265625
5,1055.04052734375
5,1054.512451171875
5,1056.0140380859375
5,1054.687744140625
5,1052.334228515625
5,1057.17724609375
5,1055.205078125
5,1053.7718505859375
5,1056.4398193359375
5,1061.762451171875
5,1057.294189453125
5,1057.3563232421875
5,1056.8492431640625
5,1057.100341796875
5,1056.7406005859375
5,1058.44580078125
5,1053.689697265625
5,1057.21875
5,1058.1751708984375
5,1055.38427734375
5,1051.2852783203125
5,1055.918212890625
5,1057.8382568359375
5,1062.141845703125
5,1056.67138671875
5,1056.904052734375
5,1057.359375
5,1057.6749267578125
5,1055.776123046875
5,1058.290771484375
5,1059.452880859375
5,1055.4580078125
5,1058.8997802734375
5,1056.332763671875
5,1057.781005859375
5,1054.7567138671875
5,1058.1162109375
5,1061.7255859375
5,1057.759765625
5,1058.36767578125
5,1058.451904296875
5,1058.28955078125
5,1060.14990234375
5,1057.390625
5,1054.601318359375
5,1057.3167724609375
5,1055.4027099609375
5,1055.8714599609375
5,1059.1727294921875
5,1059.43212890625
5,1058.6058349609375
5,1061.7218017578125
5,1055.5523681640625
5,1057.5404052734375
5,1055.8692626953125
5,1060.0438232421875
5,1057.648193359375
5,1054.569580078125
5,1054.4862060546875
5,1054.967529296875
5,1056.8394775390625
5,1061.35888671875
5,1055.917724609375
5,1057.349365234375
5,1058.0784912109375
5,1056.465087890625
5,1061.928466796875
5,1056.5616455078125
5,1055.9102783203125
5,1056.28857421875
5,1060.36083984375
5,1058.0286865234375
5,1057.6761474609375
5,1054.21630859375
5,1056.835205078125
5,1057.167724609375
5,1055.4942626953125
5,1056.3310546875
5,1060.1510009765625
10,1500.70654296875
10,1458.0992431640625
10,1350.435302734375
10,1229.453857421875
10,1109.930419921875
10,1044.80810546875
10,1025.9755859375
10,1011.55810546875
10,991.6893310546875
10,963.029541015625
10,966.8802490234375
10,994.980712890625
10,1017.687744140625
10,1016.1004638671875
10,1015.0372314453125
10,1007.8118896484375
10,1011.5272216796875
10,1034.83935546875
10,1060.8458251953125
10,1104.1383056640625
10,1122.516845703125
10,1125.9617919921875
10,1132.2481689453125
10,1131.6826171875
10,1126.8323974609375
10,1121.5361328125
10,1125.2498779296875
10,1129.7735595703125
10,1125.433837890625
10,1132.8382568359375
10,1130.8480224609375
10,1124.0694580078125
10,1133.755615234375
10,1123.8251953125
10,1128.10498046875
10,1132.2391357421875
10,1125.8616943359375
10,1119.3721923828125
10,1130.388671875
10,1134.08349609375
10,1129.609375
10,1130.497802734375
10,1124.430419921875
10,1125.9918212890625
10,1127.544189453125
10,1129.1632080078125
10,1125.903076171875
10,1125.8916015625
10,1130.9300537109375
10,1125.470947265625
10,1124.1502685546875
10,1125.427978515625
10,1126.5220947265625
10,1130.9691162109375
10,1130.631591796875
10,1129.4033203125
10,1128.455322265625
10,1124.6876220703125
10,1126.8115234375
10,1129.2557373046875
10,1131.17138671875
10,1123.4515380859375
10,1128.8765869140625
10,1128.619140625
10,1129.6561279296875
10,1128.0858154296875
10,1130.196533203125
10,1125.606201171875
10,1124.9478759765625
10,1126.67431640625
10,1129.20458984375
10,1128.15771484375
10,1128.0302734375
10,1125.7864990234375
10,1129.3934326171875
10,1126.8951416015625
10,1129.8177490234375
10,1130.0084228515625
10,1126.918701171875
10,1130.844970703125
10,1130.2607421875
10,1126.2042236328125
10,1125.1099853515625
10,1123.4195556640625
10,1126.9261474609375
10,1126.603515625
10,1127.32568359375
10,1127.5272216796875
10,1128.701904296875
10,1131.3154296875
10,1131.48486328125
10,1128.468505859375
10,1124.5382080078125
10,1128.038330078125
10,1126.1876220703125
10,1126.65087890625
10,1128.6923828125
10,1129.7574462890625
10,1127.693603515625
10,1130.9620361328125
10,1126.6689453125
10,1132.386962890625
10,1130.9168701171875
10,1135.7200927734375
10,1129.0584716796875
10,1132.0498046875
10,1130.7353515625
10,1133.0126953125
10,1128.4324951171875
10,1128.6253662109375
10,1130.7313232421875
10,1134.7401123046875
10,1130.7841796875
10,1130.343017578125
10,1133.052001953125
10,1126.7725830078125
10,1130.3089599609375
10,1130.316650390625
10,1132.9412841796875
10,1129.111572265625
10,1130.94384765625
10,1130.712158203125
10,1129.2813720703125
10,1126.60205078125
10,1125.7860107421875
10,1130.584716796875
10,1129.776123046875
10,1126.291259765625
10,1131.38330078125
10,1127.2354736328125
10,1127.900390625
10,1130.4835205078125
10,1130.0841064453125
10,1126.169677734375
10,1131.6490478515625
10,1123.7159423828125
10,1130.10888671875
10,1128.635986328125
10,1126.436279296875
10,1134.7891845703125
10,1126.307861328125
10,1132.69140625
10,1127.3323974609375
10,1128.854248046875
10,1129.275634765625
10,1129.749267578125
10,1128.0750732421875
10,1126.45751953125
10,1127.0166015625
10,1128.648681640625
10,1128.14990234375
10,1129.127685546875
10,1131.810791015625
10,1131.14697265625
10,1131.2529296875
10,1131.933349609375
10,1131.1146240234375
10,1128.226806640625
10,1128.3409423828125
10,1127.787841796875
10,1130.8575439453125
10,1127.5777587890625
10,1129.0478515625
10,1129.1514892578125
10,1135.34228515625
10,1128.30078125
10,1127.310546875
10,1128.055419921875
10,1128.77880859375
10,1132.664794921875
10,1132.7132568359375
10,1129.320556640625
10,1128.9686279296875
10,1129.9583740234375
10,1131.7427978515625
10,1126.06884765625
10,1122.981201171875
10,1128.33544921875
10,1131.587890625
10,1130.5587158203125
10,1128.5478515625
10,1127.14404296875
10,1129.16796875
10,1128.71533203125
10,1131.7548828125
10,1128.6839599609375
10,1129.9522705078125
10,1131.2393798828125
10,1134.4832763671875
10,1126.844482421875
10,1126.5994873046875
10,1132.9176025390625
10,1134.2342529296875
10,1127.88525390625
10,1130.7054443359375
10,1129.1787109375
10,1130.1666259765625
10,1125.83251953125
10,1129.4302978515625
10,1125.3681640625
10,1128.3778076171875
10,1131.1229248046875
10,1128.65576171875
10,1132.080810546875
10,1128.056884765625
10,1129.8133544921875
10,1131.540771484375
10,1126.3890380859375
10,1127.11767578125
10,1126.3157958984375
10,1128.826171875
10,1129.0784912109375
10,1126.8177490234375
10,1129.0860595703125
10,1126.72607421875
10,1126.03662109375
10,1132.444091796875
10,1127.7342529296875
10,1125.462890625
10,1130.465576171875
10,1127.39990234375
10,1129.1258544921875
10,1132.4427490234375
10,1130.2425537109375
10,1126.360595703125
10,1128.31494140625
10,1125.90771484375
10,1130.5029296875
10,1131.6505126953125
10,1130.3282470703125
10,1133.4849853515625
10,1127.553466796875
10,1133.6708984375
10,1128.9085693359375
10,1131.92431640625
10,1128.56298828125
10,1123.332763671875
10,1128.751220703125
10,1130.045166015625
10,1130.21240234375
10,1125.2601318359375
10,1128.926513671875
15,1500.0706787109375
15,1466.16845703125
15,1411.5087890625
15,1357.5860595703125
15,1290.3443603515625
15,1250.279541015625
15,1202.3333740234375
15,1168.771728515625
15,1135.204833984375
15,1129.355712890625
15,1109.9166259765625
15,1074.499755859375
15,1061.365966796875
15,1064.38134765625
15,1098.6563720703125
15,1135.528076171875
15,1147.6051025390625
15,1167.50830078125
15,1159.01953125
15,1162.8101806640625
15,1149.939453125
15,1128.290771484375
15,1128.364990234375
15,1130.2130126953125
15,1142.0347900390625
15,1165.27001953125
15,1197.797119140625
15,1208.2578125
15,1194.355224609375
15,1182.468017578125
15,1190.4171142578125
15,1193.5753173828125
15,1194.785888671875
15,1191.6064453125
15,1187.6478271484375
15,1189.898681640625
15,1201.47509765625
15,1198.7572021484375
15,1191.7371826171875
15,1189.9769287109375
15,1191.837646484375
15,1195.848876953125
15,1195.207275390625
15,1190.4481201171875
15,1200.234375
15,1193.6055908203125
15,1191.1009521484375
15,1192.46435546875
15,1190.971923828125
15,1197.8162841796875
15,1192.5863037109375
15,1191.4830322265625
15,1192.479248046875
15,1193.98974609375
15,1192.2130126953125
15,1192.4114990234375
15,1193.471435546875
15,1197.323486328125
15,1198.3194580078125
15,1194.03271484375
15,1190.6383056640625
15,1191.8680419921875
15,1192.843017578125
15,1197.0814208984375
15,1192.7939453125
15,1194.9681396484375
15,1192.5228271484375
15,1192.3646240234375
15,1196.364013671875
15,1193.2249755859375
15,1193.5777587890625
15,1188.955322265625
15,1192.7547607421875
15,1192.2633056640625
15,1196.652587890625
15,1195.145263671875
15,1191.0667724609375
15,1193.387939453125
15,1195.7423095703125
15,1194.3834228515625
15,1195.1287841796875
15,1197.337890625
15,1200.6142578125
15,1191.111328125
15,1191.9541015625
15,1191.58056640625
15,1192.6812744140625
15,1193.0064697265625
15,1193.089599609375
15,1192.741943359375
15,1190.335205078125
15,1194.5887451171875
15,1194.3880615234375
15,1198.4649658203125
15,1194.816650390625
15,1193.2899169921875
15,1193.8704833984375
15,1193.68212890625
15,1196.2486572265625
15,1197.11767578125
15,1195.3419189453125
15,1195.833740234375
15,1194.15234375
15,1192.1075439453125
15,1195.64892578125
15,1196.185546875
15,1192.15283203125
15,1200.9581298828125
15,1198.352783203125
15,1192.7467041015625
15,1193.0982666015625
15,1190.943359375
15,1194.716552734375
15,1194.4498291015625
15,1190.9146728515625
15,1195.933349609375
15,1190.5858154296875
15,1190.005126953125
15,1198.8353271484375
15,1193.798095703125
15,1189.4932861328125
15,1195.7479248046875
15,1194.0230712890625
15,1194.4151611328125
15,1194.7723388671875
15,1192.682373046875
15,1193.0357666015625
15,1193.9207763671875
15,1196.439208984375
15,1192.3062744140625
15,1195.9759521484375
15,1190.914306640625
15,1198.940185546875
15,1195.4248046875
15,1193.0872802734375
15,1197.9293212890625
15,1190.214111328125
15,1195.4310302734375
15,1193.3275146484375
15,1194.9134521484375
15,1195.0888671875
15,1194.4434814453125
15,1196.7811279296875
15,1199.3939208984375
15,1189.19873046875
15,1193.0628662109375
15,1196.0360107421875
15,1200.807373046875
15,1197.737060546875
15,1195.6102294921875
15,1196.643798828125
15,1191.57763671875
15,1196.919189453125
15,1193.5745849609375
15,1197.9127197265625
15,1195.7005615234375
15,1196.2154541015625
15,1196.99267578125
15,1196.6956787109375
15,1195.5806884765625
15,1195.1517333984375
15,1194.4346923828125
15,1195.8104248046875
15,1195.26806640625
15,1192.4913330078125
15,1193.4349365234375
15,1194.68896484375
15,1193.0302734375
15,1198.06201171875
15,1199.43798828125
15,1196.084716796875
15,1195.6204833984375
15,1191.037841796875
15,1195.240966796875
15,1196.802734375
15,1193.7957763671875
15,1196.8460693359375
15,1196.796875
15,1197.58642578125
15,1194.9632568359375
15,1193.873779296875
15,1194.1468505859375
15,1191.3465576171875
15,1195.929931640625
15,1193.0233154296875
15,1197.189453125
15,1200.133056640625
15,1200.9981689453125
15,1195.13671875
15,1192.9339599609375
15,1197.1595458984375
15,1196.438720703125
15,1194.4610595703125
15,1200.2872314453125
15,1193.8721923828125
15,1192.358642578125
15,1194.21923828125
15,1192.287353515625
15,1195.9144287109375
15,1193.5462646484375
15,1190.9007568359375
15,1189.8226318359375
15,1199.201416015625
15,1199.7235107421875
15,1193.7672119140625
15,1195.2982177734375
15,1197.141845703125
15,1194.484130859375
15,1197.1959228515625
15,1194.91845703125
15,1192.6995849609375
15,1198.4100341796875
15,1193.2093505859375
15,1196.7493896484375
15,1196.314697265625
15,1194.5872802734375
15,1190.641845703125
15,1197.7872314453125
15,1194.1993408203125
15,1194.755615234375
15,1195.7584228515625
15,1196.6444091796875
15,1196.2542724609375
15,1198.91357421875
15,1195.724853515625
15,1199.5185546875
15,1195.3731689453125
15,1197.7227783203125
15,1194.7620849609375
15,1196.3306884765625
15,1196.0179443359375
15,1197.9254150390625
15,1198.437744140625
15,1194.428466796875
15,1193.6373291015625
15,1193.300048828125
15,1192.4041748046875
15,1196.906005859375
15,1198.658203125
15,1192.5135498046875
15,1198.1907958984375
15,1197.8870849609375
15,1199.4853515625
15,1197.2105712890625
15,1194.897705078125
15,1197.4599609375
15,1198.2423095703125
15,1196.202392578125
15,1200.775390625
15,1200.2344970703125
15,1195.0938720703125
15,1192.4375
15,1194.557373046875
15,1195.092529296875
15,1195.287109375
15,1195.600341796875
15,1194.3699951171875
15,1199.14453125
15,1196.96142578125
15,1201.118896484375
15,1196.1192626953125
15,1197.1690673828125
15,1194.9208984375
15,1193.5596923828125
15,1194.5888671875
15,1200.4609375
15,1199.01123046875
15,1195.8851318359375
15,1198.0128173828125
15,1195.9622802734375
15,1199.0072021484375
15,1195.103271484375
15,1199.5684814453125
15,1195.5042724609375
15,1194.7740478515625
15,1199.2982177734375
15,1194.5572509765625
15,1197.1153564453125
15,1193.818603515625
15,1197.7327880859375
15,1196.955810546875
15,1195.754638671875
15,1194.1763916015625
15,1194.6446533203125
15,1195.8648681640625
15,1202.274169921875
15,1196.3409423828125
15,1198.003662109375
15,1198.9183349609375
15,1195.156005859375
15,1195.2171630859375
15,1191.8406982421875
15,1199.5037841796875
20,1485.1719970703125
20,1449.1298828125
20,1409.7138671875
20,1389.759033203125
20,1378.8818359375
20,1367.809814453125
20,1360.419189453125
20,1320.52978515625
20,1261.3787841796875
20,1216.6043701171875
20,1200.229248046875
20,1207.841064453125
20,1182.2413330078125
20,1140.22509765625
20,1104.214599609375
20,1102.700927734375
20,1139.836669921875
20,1170.52685546875
20,1191.8739013671875
20,1174.981689453125
20,1154.0977783203125
20,1119.59033203125
20,1091.743896484375
20,1108.081298828125
20,1117.89208984375
20,1143.0018310546875
20,1153.93994140625
20,1162.9385986328125
20,1181.2279052734375
20,1206.502197265625
20,1226.2510986328125
20,1210.683837890625
20,1210.935791015625
20,1205.9569091796875
20,1201.6048583984375
20,1210.38525390625
20,1207.149169921875
20,1206.2022705078125
20,1206.4610595703125
20,1213.0855712890625
20,1211.3798828125
20,1206.197021484375
20,1209.115234375
20,1207.830078125
20,1212.5616455078125
20,1211.02001953125
20,1205.9752197265625
20,1209.987060546875
20,1205.976318359375
20,1209.39599609375
20,1202.69677734375
20,1206.7320556640625
20,1212.201904296875
20,1208.14990234375
20,1207.4537353515625
20,1203.5743408203125
20,1208.6153564453125
20,1214.4805908203125
20,1208.4927978515625
20,1208.1456298828125
20,1209.1092529296875
20,1206.4613037109375
20,1209.9857177734375
20,1203.5726318359375
20,1207.0167236328125
20,1207.6995849609375
20,1208.9755859375
20,1209.18212890625
20,1206.6492919921875
20,1205.496826171875
20,1210.5347900390625
20,1208.6815185546875
20,1205.785400390625
20,1208.07568359375
20,1205.695556640625
20,1214.577880859375
20,1205.7857666015625
20,1208.1434326171875
20,1206.23974609375
20,1207.8358154296875
20,1210.1033935546875
20,1204.4595947265625
20,1206.7154541015625
20,1208.5218505859375
20,1209.3837890625
20,1208.9425048828125
20,1207.628173828125
20,1205.4722900390625
20,1211.05810546875
20,1209.9873046875
20,1209.593017578125
20,1207.4791259765625
20,1206.5028076171875
20,1209.7919921875
20,1208.9541015625
20,1206.9190673828125
20,1204.990234375
20,1208.8604736328125
20,1207.81298828125
20,1205.6002197265625
20,1210.603515625
20,1209.3046875
20,1210.5062255859375
20,1205.381591796875
20,1206.273681640625
20,1210.29345703125
20,1212.4085693359375
20,1210.7427978515625
20,1208.794189453125
20,1208.6416015625
20,1210.860107421875
20,1208.317138671875
20,1205.487548828125
20,1210.5001220703125
20,1207.224609375
20,1207.959228515625
20,1207.3209228515625
20,1209.49853515625
20,1203.46142578125
20,1213.3323974609375
20,1209.49609375
20,1207.50341796875
20,1210.193603515625
20,1211.165771484375
20,1208.821533203125
20,1206.9278564453125
20,1205.94921875
20,1207.1484375
20,1206.758544921875
20,1207.6361083984375
20,1208.610595703125
20,1208.7779541015625
20,1209.6865234375
20,1208.368408203125
20,1208.27294921875
20,1205.0062255859375
20,1206.1204833984375
20,1208.10986328125
20,1203.2769775390625
20,1205.2752685546875
20,1209.412841796875
20,1209.619873046875
20,1211.785400390625
20,1206.36328125
20,1204.3646240234375
20,1205.6024169921875
20,1212.426513671875
20,1211.0146484375
20,1203.2489013671875
20,1208.762939453125
20,1205.057373046875
20,1212.096923828125
20,1205.7611083984375
20,1208.2646484375
20,1201.8592529296875
20,1207.973388671875
20,1206.8614501953125
20,1208.3807373046875
20,1207.726806640625
20,1210.085205078125
20,1206.383544921875
20,1207.0853271484375
20,1203.585693359375
20,1203.7098388671875
20,1204.04931640625
20,1208.6383056640625
20,1207.765625
20,1206.3209228515625
20,1209.6676025390625
20,1206.503662109375
20,1207.541259765625
20,1208.8436279296875
20,1209.3597412109375
20,1206.4073486328125
20,1212.126953125
20,1205.42626953125
20,1213.8072509765625
20,1207.9090576171875
20,1213.2139892578125
20,1206.0350341796875
20,1203.50048828125
20,1201.649658203125
20,1207.62939453125
20,1212.4912109375
20,1206.129150390625
20,1204.381591796875
20,1215.5111083984375
20,1206.58154296875
20,1210.3590087890625
20,1205.182861328125
20,1209.376220703125
20,1208.7147216796875
20,1208.4593505859375
20,1206.6771240234375
20,1209.6112060546875
20,1207.951904296875
20,1206.1209716796875
20,1211.4521484375
20,1206.1168212890625
20,1204.713623046875
20,1206.598388671875
20,1210.7789306640625
20,1206.509765625
20,1206.3524169921875
20,1208.01318359375
20,1214.65771484375
20,1204.05078125
20,1205.5479736328125
20,1205.2322998046875
20,1207.738525390625
20,1208.1910400390625
20,1208.5703125
20,1206.89990234375
20,1207.0350341796875
20,1205.614501953125
20,1208.4029541015625
20,1211.514404296875
20,1207.5438232421875
20,1208.8985595703125
20,1206.260009765625
20,1201.6605224609375
20,1206.803466796875
20,1206.670166015625
20,1205.569580078125
20,1208.3712158203125
20,1208.64599609375
20,1204.5750732421875
20,1208.2479248046875
20,1207.7540283203125
20,1210.437744140625
20,1205.25390625
20,1211.3109130859375
20,1204.3450927734375
20,1207.8819580078125
20,1212.935546875
20,1208.2103271484375
20,1206.1790771484375
20,1204.04833984375
20,1209.7379150390625
20,1209.9541015625
20,1208.05517578125
20,1207.1260986328125
20,1206.2559814453125
20,1205.159912109375
20,1205.0382080078125
20,1208.67431640625
20,1206.210693359375
20,1205.740478515625
20,1209.24072265625
25,1502.7867431640625
25,1466.828125
25,1414.7596435546875
25,1350.770263671875
25,1299.91650390625
25,1253.23876953125
25,1224.91650390625
25,1215.71337890625
25,1228.18359375
25,1257.7545166015625
25,1254.445068359375
25,1214.9598388671875
25,1177.72314453125
25,1171.619140625
25,1196.169189453125
25,1214.1866455078125
25,1220.077880859375
25,1210.120361328125
25,1183.9979248046875
25,1155.9947509765625
25,1147.1837158203125
25,1159.46875
25,1189.0831298828125
25,1241.4146728515625
25,1277.441162109375
25,1281.0216064453125
25,1289.859130859375
25,1279.9473876953125
25,1268.3170166015625
25,1277.489501953125
25,1274.896484375
25,1261.8126220703125
25,1266.1011962890625
25,1267.37451171875
25,1270.329345703125
25,1276.578857421875
25,1278.4459228515625
25,1274.625732421875
25,1272.619140625
25,1273.956298828125
25,1262.700927734375
25,1270.6845703125
25,1275.9176025390625
25,1278.556884765625
25,1283.2188720703125
25,1274.568359375
25,1267.684814453125
25,1270.4033203125
25,1270.636474609375
25,1270.7098388671875
25,1274.680908203125
25,1278.333251953125
25,1277.413818359375
25,1274.24609375
25,1269.8814697265625
25,1270.3411865234375
25,1275.9683837890625
25,1273.54541015625
25,1278.0302734375
25,1279.260009765625
25,1271.647216796875
25,1275.6300048828125
25,1273.140380859375
25,1269.6641845703125
25,1272.1220703125
25,1271.772705078125
25,1269.8101806640625
25,1269.4869384765625
25,1276.791748046875
25,1274.85498046875
25,1267.413818359375
25,1265.65087890625
25,1272.238037109375
25,1274.7479248046875
25,1272.501220703125
25,1272.238525390625
25,1273.727294921875
25,1273.500732421875
25,1268.7403564453125
25,1270.408935546875
25,1270.0372314453125
25,1270.329345703125
25,1272.3377685546875
25,1273.5479736328125
25,1271.430908203125
25,1272.8018798828125
25,1271.9093017578125
25,1269.081298828125
25,1271.0042724609375
25,1273.947509765625
25,1275.8577880859375
25,1271.6666259765625
25,1277.0830078125
25,1269.6080322265625
25,1273.1202392578125
25,1273.0821533203125
25,1272.4976806640625
25,1273.456298828125
25,1269.5482177734375
25,1270.206298828125
25,1274.16943359375
25,1272.74462890625
25,1273.8221435546875
25,1277.4764404296875
25,1272.9317626953125
25,1271.506103515625
25,1275.0086669921875
25,1272.55224609375
25,1273.783935546875
25,1271.94384765625
25,1272.3668212890625
25,1268.12353515625
25,1274.5936279296875
25,1273.5999755859375
25,1271.901611328125
25,1273.752685546875
25,1270.9722900390625
25,1270.150634765625
25,1275.601806640625
25,1272.3433837890625
25,1274.6192626953125
25,1273.786376953125
25,1269.9713134765625
25,1274.886962890625
25,1271.997802734375
25,1275.7542724609375
25,1274.2833251953125
25,1270.51708984375
25,1272.46533203125
25,1274.9146728515625
25,1274.8970947265625
25,1274.667236328125
25,1276.877197265625
25,1271.6058349609375
25,1268.23095703125
25,1270.9385986328125
25,1275.4066162109375
25,1274.7301025390625
25,1275.1796875
25,1274.0626220703125
25,1272.2353515625
25,1274.2332763671875
25,1271.417236328125
25,1271.5318603515625
25,1272.1717529296875
25,1272.44921875
25,1273.791015625
25,1269.0943603515625
25,1272.4293212890625
25,1270.45458984375
25,1272.0946044921875
25,1269.61279296875
25,1267.4326171875
25,1267.681884765625
25,1273.3907470703125
25,1276.50830078125
25,1270.895751953125
25,1267.5330810546875
25,1272.6209716796875
25,1271.8677978515625
25,1274.366943359375
25,1273.56103515625
25,1270.0196533203125
25,1267.27490234375
25,1272.2259521484375
25,1275.9876708984375
25,1273.35107421875
25,1274.9278564453125
25,1273.337646484375
25,1272.5556640625
25,1273.6746826171875
25,1272.6275634765625
25,1274.8477783203125
25,1274.171630859375
25,1278.744384765625
25,1268.8741455078125
25,1272.78564453125
25,1278.0311279296875
25,1272.437255859375
25,1273.33984375
25,1274.681884765625
25,1274.87158203125
25,1274.576171875
25,1274.1953125
25,1273.5872802734375
25,1273.15673828125
25,1274.937255859375
25,1273.986572265625
25,1277.58251953125
25,1271.33349609375
25,1273.0897216796875
25,1273.6368408203125
25,1275.5467529296875
25,1272.4814453125
25,1277.2794189453125
25,1271.7965087890625
25,1272.3134765625
25,1274.590087890625
25,1270.1307373046875
25,1275.3160400390625
25,1272.84619140625
25,1273.404052734375
25,1273.3843994140625
25,1279.53515625
25,1269.8486328125
25,1275.870849609375
25,1277.089599609375
25,1274.0791015625
25,1275.446533203125
25,1276.3243408203125
25,1276.4473876953125
25,1275.864501953125
25,1273.38525390625
25,1274.2633056640625
25,1271.609130859375
25,1276.111083984375
25,1274.24658203125
25,1276.5291748046875
25,1273.1202392578125
25,1273.491943359375
25,1272.424560546875
25,1274.6279296875
25,1275.4044189453125
25,1277.6378173828125
25,1274.5794677734375
25,1273.3826904296875
25,1274.4652099609375
25,1271.02880859375
25,1272.50537109375
25,1272.082763671875
25,1278.384765625
25,1274.159912109375
25,1271.92529296875
25,1274.719970703125
25,1274.5582275390625
25,1277.619384765625
25,1274.09765625
25,1272.426025390625
25,1272.9200439453125
25,1275.85009765625
25,1270.2113037109375
25,1278.372802734375
25,1271.1165771484375
25,1274.98193359375
25,1277.489990234375
25,1274.17041015625
25,1278.513916015625
25,1276.26611328125
25,1272.25537109375
25,1272.5628662109375
25,1275.801513671875
25,1274.6534423828125
25,1275.09912109375
25,1272.49853515625
25,1272.83056640625
25,1276.16162109375
25,1273.3094482421875
25,1274.0675048828125
25,1272.975830078125
25,1271.80078125
25,1273.0103759765625
25,1277.6883544921875
25,1273.5294189453125
25,1273.8427734375
25,1273.0067138671875
25,1273.9970703125
25,1277.276123046875
25,1273.6204833984375
25,1273.163330078125
25,1274.87841796875
25,1274.693115234375
25,1274.2047119140625
25,1275.6417236328125
25,1276.4122314453125
25,1275.0467529296875
25,1274.9595947265625
25,1278.22900390625
25,1276.4820556640625
25,1277.305908203125
25,1277.7845458984375
25,1275.21875
25,1278.428466796875
25,1275.5692138671875
25,1276.1591796875
25,1275.059814453125
25,1273.90966796875
25,1273.463623046875
25,1273.2242431640625
25,1269.790283203125
25,1273.3868408203125
25,1277.9625244140625
25,1274.9876708984375
25,1273.286376953125
25,1273.923095703125
25,1276.796630859375
25,1277.1458740234375
25,1274.009033203125
25,1273.651123046875
25,1273.3697509765625
25,1273.8731689453125
25,1277.5279541015625
25,1272.7720947265625
25,1271.01513671875
25,1273.957275390625
25,1274.68994140625
25,1274.7025146484375
25,1272.7784423828125
25,1276.93994140625
25,1278.0748291015625
25,1277.902587890625
25,1279.1962890625
25,1277.7052001953125
30,1499.908447265625
30,1477.9364013671875
30,1441.117431640625
30,1417.489013671875
30,1404.2950439453125
30,1386.811279296875
30,1392.917724609375
30,1370.84228515625
30,1330.94580078125
30,1315.747314453125
30,1285.029296875
30,1293.7293701171875
30,1308.93359375
30,1338.90771484375
30,1364.1942138671875
30,1342.97509765625
30,1338.380126953125
30,1288.3741455078125
30,1270.1842041015625
30,1260.36962890625
30,1270.16552734375
30,1285.05615234375
30,1286.3780517578125
30,1300.7481689453125
30,1302.4986572265625
30,1278.157470703125
30,1294.279296875
30,1289.8182373046875
30,1284.1871337890625
30,1282.892578125
30,1269.9715576171875
30,1266.47900390625
30,1298.406982421875
30,1340.0025634765625
30,1350.43212890625
30,1349.587646484375
30,1348.928466796875
30,1331.3572998046875
30,1326.0341796875
30,1333.95556640625
30,1335.2041015625
30,1343.1434326171875
30,1344.651123046875
30,1340.3544921875
30,1338.931396484375
30,1332.98583984375
30,1339.2987060546875
30,1335.58349609375
30,1345.4901123046875
30,1342.2320556640625
30,1332.696044921875
30,1339.45166015625
30,1334.4468994140625
30,1344.71923828125
30,1343.8392333984375
30,1340.20263671875
30,1344.267578125
30,1335.622314453125
30,1337.6702880859375
30,1337.99560546875
30,1341.4683837890625
30,1335.323974609375
30,1339.33203125
30,1336.81884765625
30,1338.0047607421875
30,1337.45947265625
30,1340.40380859375
30,1337.244384765625
30,1339.7508544921875
30,1339.1197509765625
30,1331.716796875
30,1339.3780517578125
30,1338.891357421875
30,1343.819091796875
30,1340.583740234375
30,1338.543212890625
30,1339.433349609375
30,1337.8828125
30,1335.8875732421875
30,1340.00244140625
30,1342.814453125
30,1338.6304931640625
30,1340.78955078125
30,1339.8487548828125
30,1338.8367919921875
30,1338.3018798828125
30,1340.568359375
30,1339.0733642578125
30,1343.4771728515625
30,1340.467041015625
30,1337.878173828125
30,1338.82666015625
30,1344.12646484375
30,1335.9971923828125
30,1339.364990234375
30,1338.592041015625
30,1343.68505859375
30,1336.016845703125
30,1338.7579345703125
30,1339.3720703125
30,1336.552490234375
30,1336.562744140625
30,1339.9842529296875
30,1339.13720703125
30,1342.5689697265625
30,1338.443115234375
30,1338.72607421875
30,1339.1077880859375
30,1340.129638671875
30,1336.8394775390625
30,1334.2205810546875
30,1339.6856689453125
30,1341.1619873046875
30,1338.9942626953125
30,1337.0107421875
30,1340.5677490234375
30,1334.981689453125
30,1341.75
30,1339.718505859375
30,1340.67431640625
30,1334.3895263671875
30,1336.77734375
30,1340.3662109375
30,1335.3880615234375
30,1338.312744140625
30,1341.347900390625
30,1339.0367431640625
30,1338.380859375
30,1338.10302734375
30,1333.83642578125
30,1336.299072265625
30,1342.134765625
30,1336.9359130859375
30,1340.9661865234375
30,1338.453125
30,1339.125244140625
30,1335.953125
30,1339.6640625
30,1340.953369140625
30,1335.178466796875
30,1339.661376953125
30,1339.6046142578125
30,1339.2291259765625
30,1337.9644775390625
30,1340.50146484375
30,1340.768310546875
30,1339.0015869140625
30,1336.835205078125
30,1339.478759765625
30,1338.36328125
30,1342.209228515625
30,1340.7261962890625
30,1336.929443359375
30,1336.3756103515625
30,1340.4420166015625
30,1339.3486328125
30,1338.006591796875
30,1339.3048095703125
30,1343.41259765625
30,1338.107666015625
30,1341.17578125
30,1336.0927734375
30,1340.995361328125
30,1341.296142578125
30,1340.5360107421875
30,1338.093994140625
30,1337.7178955078125
30,1336.355712890625
30,1339.029052734375
30,1339.303955078125
30,1338.942138671875
30,1337.4957275390625
30,1341.25927734375
30,1337.3955078125
30,1338.5106201171875
30,1335.7802734375
30,1334.18603515625
30,1340.6475830078125
30,1338.5849609375
30,1340.0609130859375
30,1337.663330078125
30,1341.936767578125
30,1336.3524169921875
30,1337.28369140625
30,1338.639892578125
30,1337.85302734375
30,1336.2769775390625
30,1340.9307861328125
30,1338.752197265625
30,1340.3358154296875
30,1336.52392578125
30,1338.3934326171875
30,1334.2017822265625
30,1340.096435546875
30,1335.3236083984375
30,1340.885986328125
30,1340.2025146484375
30,1339.637939453125
30,1338.2774658203125
30,1337.053955078125
30,1339.787109375
30,1340.49072265625
30,1338.7197265625
30,1338.0987548828125
30,1336.3885498046875
30,1341.3787841796875
30,1338.1824951171875
30,1339.315673828125
30,1340.31103515625
30,1338.906494140625
30,1340.858642578125
30,1336.9737548828125
30,1338.0799560546875
30,1337.527099609375
30,1339.480224609375
30,1338.95947265625
30,1336.9287109375
30,1333.2078857421875
30,1335.066650390625
30,1342.9091796875
30,1338.81396484375
30,1340.7080078125
30,1339.6412353515625
30,1338.4315185546875
30,1336.7894287109375
30,1342.95751953125
30,1341.14013671875
30,1341.724609375
30,1337.6600341796875
30,1336.7774658203125
30,1339.053955078125
30,1341.876953125
30,1339.331298828125
30,1341.240234375
30,1336.7137451171875
30,1342.9132080078125
30,1335.0009765625
30,1337.81591796875
30,1342.59326171875
30,1338.3251953125
30,1336.5894775390625
30,1338.583740234375
30,1338.173583984375
30,1342.2630615234375
30,1335.93408203125
30,1342.54150390625
30,1342.11962890625
30,1337.3853759765625
30,1338.0482177734375
30,1343.4801025390625
30,1340.644287109375
30,1339.7655029296875
30,1338.85986328125
30,1341.3856201171875
30,1338.8543701171875
30,1343.3770751953125
30,1339.1771240234375
30,1339.1651611328125
30,1338.4510498046875
30,1339.17138671875
30,1336.65625
30,1336.3994140625
30,1337.9327392578125
30,1336.828369140625
30,1337.9393310546875
30,1338.1104736328125
30,1337.0716552734375
30,1333.4813232421875
30,1339.1795654296875
30,1336.898681640625
30,1337.0306396484375
30,1337.99267578125
30,1338.031005859375
30,1338.349853515625
30,1341.6014404296875
30,1337.7442626953125
30,1336.5113525390625
30,1338.679443359375
30,1339.0447998046875
30,1338.365966796875
30,1336.96728515625
30,1333.0673828125
30,1340.5076904296875
30,1335.6055908203125
30,1333.760986328125
30,1341.552734375
30,1337.7808837890625
30,1342.294677734375
30,1339.014892578125
30,1336.050048828125
30,1338.4482421875
30,1340.0799560546875
30,1337.31787109375
30,1338.867919921875
30,1339.7724609375
30,1336.919677734375
30,1341.436279296875
30,1342.158935546875
30,1337.869140625
30,1338.873291015625
30,1340.7493896484375
30,1338.12060546875
30,1335.732177734375
30,1337.532470703125
30,1340.50732421875
30,1337.180419921875
30,1336.90771484375
30,1342.9722900390625
30,1341.45703125
30,1344.725830078125
30,1336.6993408203125
30,1337.6954345703125
30,1339.2589111328125
30,1338.41845703125
30,1344.0723876953125
30,1337.833740234375
30,1344.538818359375
30,1341.68505859375
30,1336.859130859375
30,1337.9144287109375
30,1336.54296875
30,1337.43603515625
30,1341.201904296875
30,1338.60693359375
30,1337.1275634765625
30,1339.6961669921875
30,1342.028076171875
30,1335.228515625
30,1334.8658447265625
30,1338.40380859375
30,1336.088623046875
30,1338.565185546875
30,1345.0302734375
30,1339.8216552734375
30,1341.1513671875
30,1337.9893798828125
30,1345.9984130859375
30,1338.0247802734375
30,1338.5780029296875
30,1336.7918701171875
30,1340.252197265625
30,1337.922607421875
30,1339.671875
30,1338.5511474609375
30,1339.957763671875
30,1340.6214599609375
30,1341.8096923828125
30,1339.6214599609375
30,1341.2823486328125
30,1343.536376953125
30,1343.5859375
30,1340.551513671875
30,1340.166259765625
30,1342.9302978515625
30,1343.3050537109375
30,1340.5272216796875
30,1341.7274169921875
30,1337.4091796875
30,1337.12744140625
30,1342.640625
30,1339.1201171875
30,1342.41357421875
30,1335.99609375
30,1338.36669921875
30,1338.149169921875
30,1342.03369140625
30,1343.5174560546875
30,1339.473876953125
30,1339.33642578125
30,1338.318359375
30,1346.942626953125
30,1339.1473388671875
30,1341.4927978515625
30,1341.8409423828125
30,1340.0853271484375
30,1344.6702880859375
30,1341.9091796875
30,1336.860107421875
30,1338.165771484375
30,1339.810302734375
30,1344.291015625
30,1343.95458984375
30,1337.533203125
30,1339.9066162109375
30,1343.096923828125
30,1341.198974609375
30,1340.7236328125
30,1341.349365234375
30,1339.6458740234375
30,1341.76611328125
30,1340.2979736328125
30,1339.458740234375
30,1345.8326416015625
30,1338.682861328125
30,1337.4058837890625
30,1341.460205078125
30,1340.231201171875
30,1341.101806640625
30,1348.09619140625
30,1344.621826171875
30,1337.0631103515625
30,1341.260009765625
30,1342.488037109375
30,1345.34033203125
30,1338.0645751953125
30,1336.8211669921875
30,1342.671875
30,1344.408203125
30,1340.7305908203125
30,1339.4361572265625
30,1339.603759765625
30,1341.57275390625
30,1339.689697265625
30,1338.62451171875
30,1343.30126953125
30,1339.1929931640625
30,1336.58935546875
30,1338.272705078125
30,1340.0177001953125
30,1345.331298828125
30,1341.759033203125
30,1339.296142578125
30,1336.1192626953125
30,1344.608642578125
30,1342.09326171875
30,1339.6131591796875
30,1339.6104736328125
30,1338.345458984375
30,1336.367919921875
30,1334.3543701171875
30,1335.444580078125
30,1346.12353515625
30,1340.618408203125
30,1335.366455078125
30,1339.5355224609375
30,1340.0523681640625
30,1341.1717529296875
30,1342.6185302734375
30,1337.25
30,1342.523681640625
30,1336.384033203125
30,1334.7789306640625
30,1341.9451904296875
30,1344.923828125
30,1340.2935791015625
30,1340.21923828125
30,1335.924560546875
30,1338.0400390625
30,1340.19482421875
30,1337.6629638671875
30,1337.48779296875
30,1335.777587890625
30,1337.2742919921875
30,1340.182373046875
30,1343.9697265625
30,1344.9493408203125
30,1338.777099609375
30,1337.1943359375
30,1339.4345703125
30,1340.041015625
30,1339.953125
30,1334.0882568359375
30,1341.600830078125
30,1339.2059326171875
30,1339.12548828125
30,1337.50732421875
30,1333.8690185546875
30,1340.2581787109375
30,1337.5694580078125
30,1333.182861328125
30,1339.3507080078125
30,1338.5673828125
30,1341.413818359375
30,1344.21728515625
30,1333.8258056640625
30,1337.18701171875
30,1337.3387451171875
30,1341.444580078125
30,1337.3499755859375
30,1336.578125
30,1338.63330078125
30,1337.7955322265625
30,1334.737548828125
30,1339.74853515625
30,1340.04541015625
30,1339.2388916015625
30,1338.947265625
30,1339.935302734375
30,1339.0460205078125
30,1338.108154296875
30,1341.392578125
30,1344.831298828125
30,1334.394287109375
30,1335.62890625
30,1338.0010986328125
30,1339.7625732421875
30,1347.4254150390625
30,1338.7769775390625
30,1336.7432861328125
30,1338.6187744140625
30,1344.1953125
30,1340.102294921875
30,1337.71435546875
30,1337.1629638671875
30,1340.3538818359375
30,1339.9603271484375
30,1341.5172119140625
30,1338.72021484375
30,1342.5384521484375
30,1342.20751953125
30,1341.498046875
30,1335.7886962890625
30,1340.479248046875
30,1345.304931640625
30,1343.7645263671875
30,1340.254638671875
30,1336.277587890625
30,1333.9208984375
30,1339.6982421875
30,1344.82470703125
30,1340.548583984375
30,1343.041015625
30,1340.170166015625
30,1342.0994873046875
30,1340.343017578125
30,1344.123779296875
30,1337.61181640625
30,1337.2864990234375
30,1338.37890625
30,1347.77880859375
30,1340.6483154296875
30,1339.2359619140625
30,1337.43310546875
30,1345.7109375
