Time;gimbal_controller.pitch_angle_pid.Ref;gimbal_controller.pitch_angle_pid.Measure;gimbal_controller.pitch_speed_pid.Ref;gimbal_controller.pitch_speed_pid.Measure;gimbal_controller.pitch_angle_pid.Output
0;0;0;0;0;0
17000;0;0;0;0;0
30000;0;0;0;0;0
44000;0;0;0;0;0
57000;0;0;0;0;0
72000;0;0;0;0;0
86000;0;0;0;0;0
100000;0;0;0;0;0
114000;0;0;0;0;0
128000;0;0;0;0;0
142000;0;0;0;0;0
155000;0;0;0;0;0
168000;0;0;0;0;0
182000;0;0;0;0;0
197000;0;0;0;0;0
210000;0;0;0;0;0
224000;0;0;0;0;0
237000;0;0;0;0;0
251000;0;0;0;0;0
264000;0;0;0;0;0
277000;0;0;0;0;0
291000;0;0;0;0;0
304000;0;0;0;0;0
318000;0;0;0;0;0
331000;0;0;0;0;0
345000;0;0;0;0;0
358000;0;0;0;0;0
372000;0;0;0;0;0
387000;0;0;0;0;0
401000;0;0;0;0;0
414000;0;0;0;0;0
428000;0;0;0;0;0
443000;0;0;0;0;0
457000;0;0;0;0;0
472000;0;0;0;0;0
486000;0;0;0;0;0
500000;0;0;0;0;0
513000;0;0;0;0;0
527000;0;0;0;0;0
541000;0;0;0;0;0
555000;0;0;0;0;0
570000;0;0;0;0;0
584000;0;0;0;0;0
597000;0;0;0;0;0
612000;0;0;0;0;0
625000;0;0;0;0;0
638000;0;0;0;0;0
651000;0;0;0;0;0
665000;0;0;0;0;0
679000;0;0;0;0;0
693000;0;0;0;0;0
708000;0;0;0;0;0
721000;0;0;0;0;0
735000;0;0;0;0;0
749000;0;0;0;0;0
762000;0;0;0;0;0
776000;0;0;0;0;0
789000;0;0;0;0;0
803000;0;0;0;0;0
818000;0;0;0;0;0
833000;0;0;0;0;0
847000;0;0;0;0;0
860000;0;0;0;0;0
874000;0;0;0;0;0
887000;0;0;0;0;0
902000;0;0;0;0;0
916000;0;0;0;0;0
930000;0;0;0;0;0
945000;0;0;0;0;0
958000;0;0;0;0;0
971000;0;0;0;0;0
985000;0;0;0;0;0
999000;0;0;0;0;0
1013000;0;0;0;0;0
1026000;0;0;0;0;0
1040000;0;0;0;0;0
1054000;0;0;0;0;0
1067000;0;0;0;0;0
1081000;0;0;0;0;0
1095000;0;0;0;0;0
1108000;0;0;0;0;0
1121000;0;0;0;0;0
1135000;0;0;0;0;0
1149000;0;0;0;0;0
1163000;0;0;0;0;0
1176000;0;0;0;0;0
1190000;0;0;0;0;0
1205000;0;0;0;0;0
1218000;0;0;0;0;0
1232000;0;0;0;0;0
1246000;0;0;0;0;0
1260000;0;0;0;0;0
1273000;0;0;0;0;0
1286000;0;0;0;0;0
1299000;0;0;0;0;0
1312000;0;0;0;0;0
1325000;0;0;0;0;0
1338000;0;0;0;0;0
1353000;0;0;0;0;0
1366000;0;0;0;0;0
1379000;0;0;0;0;0
1392000;0;0;0;0;0
1405000;0;0;0;0;0
1419000;0;0;0;0;0
1432000;0;0;0;0;0
1446000;0;0;0;0;0
1460000;0;0;0;0;0
1473000;0;0;0;0;0
1487000;0;0;0;0;0
1501000;0;0;0;0;0
1514000;0;0;0;0;0
1527000;0;0;0;0;0
1540000;0;0;0;0;0
1555000;0;0;0;0;0
1568000;0;0;0;0;0
1581000;0;0;0;0;0
1595000;0;0;0;0;0
1609000;0;0;0;0;0
1623000;0;0;0;0;0
1636000;0;0;0;0;0
1649000;0;0;0;0;0
1663000;0;0;0;0;0
1678000;0;0;0;0;0
1691000;0;0;0;0;0
1705000;0;0;0;0;0
1720000;0;0;0;0;0
1734000;0;0;0;0;0
1748000;0;0;0;0;0
1761000;0;0;0;0;0
1775000;0;0;0;0;0
1789000;0;0;0;0;0
1804000;0;0;0;0;0
1817000;0;0;0;0;0
1831000;0;0;0;0;0
1845000;0;0;0;0;0
1860000;0;0;0;0;0
1874000;0;0;0;0;0
1888000;0;0;0;0;0
1903000;0;0;0;0;0
1916000;0;0;0;0;0
1931000;0;0;0;0;0
1945000;0;0;0;0;0
1959000;0;0;0;0;0
1974000;0;0;0;0;0
1989000;0;0;0;0;0
2005000;0;0;0;0;0
2020000;0;0;0;0;0
2034000;0;0;0;0;0
2049000;0;0;0;0;0
2062000;0;0;0;0;0
2076000;0;0;0;0;0
2090000;0;0;0;0;0
2104000;0;0;0;0;0
2121000;0;0;0;0;0
2135000;0;0;0;0;0
2149000;0;0;0;0;0
2162000;0;0;0;0;0
2176000;0;0;0;0;0
2190000;0;0;0;0;0
2205000;0;0;0;0;0
2219000;0;0;0;0;0
2234000;0;0;0;0;0
2248000;0;0;0;0;0
2262000;0;0;0;0;0
2277000;0;0;0;0;0
2290000;0;0;0;0;0
2304000;0;0;0;0;0
2317000;0;0;0;0;0
2331000;0;0;0;0;0
2346000;0;0;0;0;0
2360000;0;0;0;0;0
2374000;0;0;0;0;0
2389000;0;0;0;0;0
2403000;0;0;0;0;0
2416000;0;0;0;0;0
2430000;0;0;0;0;0
2444000;0;0;0;0;0
2459000;0;0;0;0;0
2473000;0;0;0;0;0
2487000;0;0;0;0;0
2501000;0;0;0;0;0
2515000;0;0;0;0;0
2529000;0;0;0;0;0
2543000;0;0;0;0;0
2557000;0;0;0;0;0
2572000;0;0;0;0;0
2587000;0;0;0;0;0
2601000;0;0;0;0;0
2615000;0;0;0;0;0
2629000;0;0;0;0;0
2642000;0;0;0;0;0
2655000;0;0;0;0;0
2669000;0;0;0;0;0
2683000;0;0;0;0;0
2697000;0;0;0;0;0
2712000;0;0;0;0;0
2727000;0;0;0;0;0
2740000;0;0;0;0;0
2754000;0;0;0;0;0
2769000;0;0;0;0;0
2783000;0;0;0;0;0
2796000;0;0;0;0;0
2811000;0;0;0;0;0
2826000;0;0;0;0;0
2840000;0;0;0;0;0
2854000;0;0;0;0;0
2869000;0;0;0;0;0
2882000;0;0;0;0;0
2896000;0;0;0;0;0
2910000;0;0;0;0;0
2924000;0;0;0;0;0
2939000;0;0;0;0;0
2954000;0;0;0;0;0
2969000;0;0;0;0;0
2983000;0;0;0;0;0
2997000;0;0;0;0;0
3011000;0;0;0;0;0
3026000;0;0;0;0;0
3040000;0;0;0;0;0
3054000;0;0;0;0;0
3067000;0;0;0;0;0
3081000;0;0;0;0;0
3095000;0;0;0;0;0
3109000;0;0;0;0;0
3123000;0;0;0;0;0
3137000;0;0;0;0;0
3152000;0;0;0;0;0
3166000;0;0;0;0;0
3180000;0;0;0;0;0
3194000;0;0;0;0;0
3208000;0;0;0;0;0
3222000;0;0;0;0;0
3236000;0;0;0;0;0
3250000;0;0;0;0;0
3264000;0;0;0;0;0
3277000;0;0;0;0;0
3291000;0;0;0;0;0
3305000;0;0;0;0;0
3319000;0;0;0;0;0
3333000;0;0;0;0;0
3347000;0;0;0;0;0
3361000;0;0;0;0;0
3374000;0;0;0;0;0
3388000;0;0;0;0;0
3401000;0;0;0;0;0
3416000;0;0;0;0;0
3430000;0;0;0;0;0
3444000;0;0;0;0;0
3457000;0;0;0;0;0
3471000;0;0;0;0;0
3486000;0;0;0;0;0
3499000;0;0;0;0;0
3513000;0;0;0;0;0
3527000;0;0;0;0;0
3541000;0;0;0;0;0
3554000;0;0;0;0;0
3567000;0;0;0;0;0
3581000;0;0;0;0;0
3595000;0;0;0;0;0
3610000;0;0;0;0;0
3624000;0;0;0;0;0
3637000;0;0;0;0;0
3651000;0;0;0;0;0
3664000;0;0;0;0;0
3677000;0;0;0;0;0
3691000;0;0;0;0;0
3705000;0;0;0;0;0
3720000;0;0;0;0;0
3734000;0;0;0;0;0
3748000;0;0;0;0;0
3762000;0;0;0;0;0
3777000;0;0;0;0;0
3791000;0;0;0;0;0
3805000;0;0;0;0;0
3820000;0;0;0;0;0
3834000;0;0;0;0;0
3848000;0;0;0;0;0
3862000;0;0;0;0;0
3876000;0;0;0;0;0
3891000;0;0;0;0;0
3905000;0;0;0;0;0
3919000;0;0;0;0;0
3933000;0;0;0;0;0
3946000;0;0;0;0;0
3959000;0;0;0;0;0
3973000;0;0;0;0;0
3987000;0;0;0;0;0
4001000;0;0;0;0;0
4016000;0;0;0;0;0
4030000;0;0;0;0;0
4044000;0;0;0;0;0
4058000;0;0;0;0;0
4073000;0;0;0;0;0
4086000;0;0;0;0;0
4100000;0;0;0;0;0
4113000;0;0;0;0;0
4127000;0;0;0;0;0
4141000;0;0;0;0;0
4155000;0;0;0;0;0
4170000;0;0;0;0;0
4184000;0;0;0;0;0
4197000;0;0;0;0;0
4210000;0;0;0;0;0
4224000;0;0;0;0;0
4239000;0;0;0;0;0
4253000;0;0;0;0;0
4267000;0;0;0;0;0
4281000;0;0;0;0;0
4294000;0;0;0;0;0
4309000;0;0;0;0;0
4324000;0;0;0;0;0
4338000;0;0;0;0;0
4352000;0;0;0;0;0
4366000;0;0;0;0;0
4380000;0;0;0;0;0
4394000;0;0;0;0;0
4408000;0;0;0;0;0
4422000;0;0;0;0;0
4436000;0;0;0;0;0
4451000;0;0;0;0;0
4464000;0;0;0;0;0
4478000;0;0;0;0;0
4492000;0;0;0;0;0
4507000;0;0;0;0;0
4520000;0;0;0;0;0
4534000;0;0;0;0;0
4548000;0;0;0;0;0
4563000;0;0;0;0;0
4577000;0;0;0;0;0
4591000;0;0;0;0;0
4605000;0;0;0;0;0
4619000;0;0;0;0;0
4632000;0;0;0;0;0
4647000;0;0;0;0;0
4661000;0;0;0;0;0
4676000;0;0;0;0;0
4690000;0;0;0;0;0
4705000;0;0;0;0;0
4720000;0;0;0;0;0
4733000;0;0;0;0;0
4747000;0;0;0;0;0
4761000;0;0;0;0;0
4774000;0;0;0;0;0
4788000;0;0;0;0;0
4802000;0;0;0;0;0
4816000;0;0;0;0;0
4829000;0;0;0;0;0
4842000;0;0;0;0;0
4855000;0;0;0;0;0
4868000;0;0;0;0;0
4881000;0;0;0;0;0
4894000;0;0;0;0;0
4907000;0;0;0;0;0
4922000;0;0;0;0;0
4935000;0;0;0;0;0
4949000;0;0;0;0;0
4962000;0;0;0;0;0
4975000;0;0;0;0;0
4988000;0;0;0;0;0
5001000;0;0;0;0;0
5016000;0;0;0;0;0
5031000;0;0;0;0;0
5044000;0;0;0;0;0
5058000;0;0;0;0;0
5072000;0;0;0;0;0
5087000;0;0;0;0;0
5100000;0;0;0;0;0
5114000;0;0;0;0;0
5128000;0;0;0;0;0
5141000;0;0;0;0;0
5154000;0;0;0;0;0
5169000;0;0;0;0;0
5182000;0;0;0;0;0
5195000;0;0;0;0;0
5208000;0;0;0;0;0
5222000;0;0;0;0;0
5235000;0;0;0;0;0
5249000;0;0;0;0;0
5263000;0;0;0;0;0
5277000;0;0;0;0;0
5290000;0;0;0;0;0
5303000;0;0;0;0;0
5318000;0;0;0;0;0
5332000;0;0;0;0;0
5346000;0;0;0;0;0
5360000;0;0;0;0;0
5373000;0;0;0;0;0
5387000;0;0;0;0;0
5401000;0;0;0;0;0
5415000;0;0;0;0;0
5429000;0;0;0;0;0
5443000;0;0;0;0;0
5457000;0;0;0;0;0
5470000;0;0;0;0;0
5484000;0;0;0;0;0
5499000;0;0;0;0;0
5513000;0;0;0;0;0
5528000;0;0;0;0;0
5542000;0;0;0;0;0
5556000;0;0;0;0;0
5571000;0;0;0;0;0
5585000;0;0;0;0;0
5599000;0;0;0;0;0
5613000;0;0;0;0;0
5627000;0;0;0;0;0
5641000;0;0;0;0;0
5655000;0;0;0;0;0
5669000;0;0;0;0;0
5683000;0;0;0;0;0
5696000;0;0;0;0;0
5710000;0;0;0;0;0
5724000;0;0;0;0;0
5738000;0;0;0;0;0
5752000;0;0;0;0;0
5767000;0;0;0;0;0
5781000;0;0;0;0;0
5795000;0;0;0;0;0
5809000;0;0;0;0;0
5823000;0;0;0;0;0
5837000;0;0;0;0;0
5850000;0;0;0;0;0
5864000;0;0;0;0;0
5879000;0;0;0;0;0
5893000;0;0;0;0;0
5907000;0;0;0;0;0
5920000;0;0;0;0;0
5934000;0;0;0;0;0
5948000;0;0;0;0;0
5963000;0;0;0;0;0
5977000;0;0;0;0;0
5992000;0;0;0;0;0
6006000;0;0;0;0;0
6019000;0;0;0;0;0
6032000;0;0;0;0;0
6045000;0;0;0;0;0
6059000;0;0;0;0;0
6074000;0;0;0;0;0
6089000;0;0;0;0;0
6103000;0;0;0;0;0
6117000;0;0;0;0;0
6132000;0;0;0;0;0
6147000;0;0;0;0;0
6161000;0;0;0;0;0
6176000;0;0;0;0;0
6190000;0;0;0;0;0
6204000;0;0;0;0;0
6217000;0;0;0;0;0
6231000;0;0;0;0;0
6246000;0;0;0;0;0
6260000;0;0;0;0;0
6274000;0;0;0;0;0
6288000;0;0;0;0;0
6302000;0;0;0;0;0
6316000;0;0;0;0;0
6330000;0;0;0;0;0
6344000;0;0;0;0;0
6358000;0;0;0;0;0
6372000;0;0;0;0;0
6386000;0;0;0;0;0
6400000;0;0;0;0;0
6414000;0;0;0;0;0
6429000;0;0;0;0;0
6444000;0;0;0;0;0
6458000;0;0;0;0;0
6472000;0;0;0;0;0
6485000;0;0;0;0;0
6499000;0;0;0;0;0
6512000;0;0;0;0;0
6527000;0;0;0;0;0
6541000;0;0;0;0;0
6555000;0;0;0;0;0
6569000;0;0;0;0;0
6583000;0;0;0;0;0
6597000;0;0;0;0;0
6610000;0;0;0;0;0
6623000;0;0;0;0;0
6636000;0;0;0;0;0
6650000;0;0;0;0;0
6663000;0;0;0;0;0
6678000;0;0;0;0;0
6691000;0;0;0;0;0
6705000;0;0;0;0;0
6719000;0;0;0;0;0
6733000;0;0;0;0;0
6746000;0;0;0;0;0
6759000;0;0;0;0;0
6773000;0;0;0;0;0
6787000;0;0;0;0;0
6800000;0;0;0;0;0
6815000;0;0;0;0;0
6828000;0;0;0;0;0
6842000;0;0;0;0;0
6856000;0;0;0;0;0
6869000;0;0;0;0;0
6882000;0;0;0;0;0
6896000;0;0;0;0;0
6909000;0;0;0;0;0
6925000;0;0;0;0;0
6938000;0;0;0;0;0
6951000;0;0;0;0;0
6965000;0;0;0;0;0
6979000;0;0;0;0;0
6993000;0;0;0;0;0
7008000;0;0;0;0;0
7022000;0;0;0;0;0
7035000;0;0;0;0;0
7048000;0;0;0;0;0
7062000;0;0;0;0;0
7077000;0;0;0;0;0
7091000;0;0;0;0;0
7105000;0;0;0;0;0
7119000;0;0;0;0;0
7134000;0;0;0;0;0
7147000;0;0;0;0;0
7160000;0;0;0;0;0
7174000;0;0;0;0;0
7188000;0;0;0;0;0
7201000;0;0;0;0;0
7215000;0;0;0;0;0
7229000;0;0;0;0;0
